Buy_Date,Entry Price,Position Sizing,Sell_Date,Exit Price,P&L,%P&L,Exit reason
2009-10-12 00:00:00,759.887,99545.197,2010-05-03 00:00:00,635.8468017578125,-16249.266,-16.324,TSL hit
2010-06-21 00:00:00,815.351,83165.802,2011-01-24 00:00:00,659.3482055664062,-15912.285,-19.133,TSL hit
2012-01-30 00:00:00,832.891,67464.171,2013-02-11 00:00:00,570.404,-21261.447,-31.515,Stop loss hit
2014-02-24 00:00:00,677.316,46057.488000000005,2015-09-28 00:00:00,1003.553466796875,22184.148,48.166,TSL hit
2017-04-03 00:00:00,1315.7,68416.40000000001,2018-03-19 00:00:00,1221.921752929688,-4876.469,-7.128,TSL hit
2019-04-22 00:00:00,1425.497,62721.868,2019-12-16 00:00:00,1226.472534179688,-8757.076,-13.962,TSL hit
2021-01-04 00:00:00,1299.01,54558.42,,,,,
2009-05-18 00:00:00,564.311,99883.047,2013-02-11 00:00:00,1051.861206054688,86296.386,86.397,TSL hit
2014-03-17 00:00:00,1089.195,186252.345,2016-01-11 00:00:00,1086.312866210938,-492.845,-0.265,TSL hit
2016-05-23 00:00:00,1351.825,185200.025,2016-11-07 00:00:00,1251.239013671875,-13780.28,-7.441,TSL hit
2017-07-10 00:00:00,1574.755,171648.295,2018-03-05 00:00:00,1383.2666015625,-20872.235,-12.16,TSL hit
2019-03-25 00:00:00,1566.289,150363.744,2020-02-24 00:00:00,1241.572998046875,-31172.736,-20.732,TSL hit
2020-10-12 00:00:00,1507.633,119103.007,2022-02-21 00:00:00,2004.015991210938,39214.256,32.925,TSL hit
2009-06-01 00:00:00,116.273,99994.78,2011-11-21 00:00:00,116.0904083251953,-157.029,-0.157,TSL hit
2013-01-28 00:00:00,142.295,99748.795,2015-11-02 00:00:00,274.3549499511719,92574.025,92.807,TSL hit
2016-10-24 00:00:00,296.82,192339.36,2018-03-19 00:00:00,351.5381774902344,35457.379,18.435,TSL hit
2019-05-20 00:00:00,399.96,227577.24,2020-02-24 00:00:00,333.7924499511719,-37649.336,-16.544,TSL hit
2020-11-23 00:00:00,405.875,189949.5,,,,,
2009-05-18 00:00:00,69.657,99957.795,2011-02-07 00:00:00,91.53482055664062,31394.672,31.408,TSL hit
2011-04-25 00:00:00,125.851,131388.444,2013-03-18 00:00:00,145.8876953125,20918.31,15.921,TSL hit
2014-03-31 00:00:00,172.307,152147.08099999998,2015-11-09 00:00:00,164.6794281005859,-6735.146,-4.427,TSL hit
2016-06-27 00:00:00,217.564,145550.316,2016-11-07 00:00:00,189.9577484130859,-18468.582,-12.689,TSL hit
2017-07-31 00:00:00,241.296,126921.696,2018-03-05 00:00:00,205.9895172119141,-18571.21,-14.632,TSL hit
2020-07-27 00:00:00,200.941,108508.14,2022-02-14 00:00:00,331.3022155761719,70395.056,64.875,TSL hit
2009-05-18 00:00:00,241.495,99978.93,2013-05-13 00:00:00,1027.043090820312,325216.91,325.285,Target hit
2014-06-30 00:00:00,1027.572,424387.236,2016-11-14 00:00:00,1174.834594726562,60819.452,14.331,TSL hit
2018-11-12 00:00:00,1223.592,485766.024,2021-08-30 00:00:00,5014.5498046875,1505010.248,309.822,Target hit
2021-11-15 00:00:00,5588.6,1989541.6,2022-05-02 00:00:00,3827.35,-627005.0,-31.515,Stop loss hit
2009-07-20 00:00:00,117.295,99935.34,2011-02-21 00:00:00,219.0330200195312,86680.793,86.737,TSL hit
2011-05-16 00:00:00,264.837,186445.248,2015-06-08 00:00:00,669.3740234375,284794.064,152.749,TSL hit
2015-07-27 00:00:00,842.204,470792.036,2016-11-14 00:00:00,875.5521240234375,18641.601,3.96,TSL hit
2017-08-28 00:00:00,1174.234,489655.578,2022-02-28 00:00:00,2722.4609375,645610.633,131.85,TSL hit
2009-05-18 00:00:00,30.977,99993.756,2011-02-21 00:00:00,76.7238540649414,147670.845,147.68,TSL hit
2012-09-24 00:00:00,66.865,247667.96,2014-03-31 00:00:00,269.4117431640625,750233.137,302.919,Target hit
2014-04-21 00:00:00,276.255,997833.06,2016-02-08 00:00:00,636.7316284179688,1302041.582,130.487,TSL hit
2017-10-30 00:00:00,762.316,2299907.372,2018-01-15 00:00:00,623.5991821289062,-418508.64,-18.197,TSL hit
2018-09-03 00:00:00,777.779,1880669.622,2019-05-13 00:00:00,653.2530517578125,-301103.743,-16.01,TSL hit
2020-05-18 00:00:00,716.598,1580098.59,2021-08-09 00:00:00,749.881103515625,73389.243,4.645,TSL hit
2009-05-25 00:00:00,142.196,99963.788,2011-08-15 00:00:00,199.46142578125,40257.594,40.272,TSL hit
2012-11-26 00:00:00,249.966,140230.926,2013-07-22 00:00:00,212.7692260742188,-20867.39,-14.881,TSL hit
2014-04-21 00:00:00,294.457,119255.085,2015-08-31 00:00:00,457.8865051269531,66188.95,55.502,TSL hit
2016-08-01 00:00:00,560.181,185419.911,2016-12-05 00:00:00,450.7127685546875,-36233.985,-19.542,TSL hit
2017-11-06 00:00:00,543.297,148863.378,2019-07-29 00:00:00,672.8258056640625,35490.893,23.841,TSL hit
2021-02-08 00:00:00,749.26,184317.96,2021-11-15 00:00:00,705.2764282226562,-10819.959,-5.87,TSL hit
2009-05-18 00:00:00,327.33,99835.65,2012-02-13 00:00:00,1342.757446289062,309705.371,310.215,Target hit
2012-09-17 00:00:00,1379.168,409612.896,2013-04-01 00:00:00,1303.070556640625,-22600.941,-5.518,TSL hit
2014-06-09 00:00:00,1703.197,386625.719,2018-03-05 00:00:00,2508.195556640625,182734.672,47.264,TSL hit
2019-10-14 00:00:00,2752.253,569716.371,2020-03-09 00:00:00,2195.838134765625,-115177.877,-20.217,TSL hit
2020-11-23 00:00:00,2956.43,452333.79,2021-11-08 00:00:00,3503.46630859375,83696.555,18.503,TSL hit
2010-05-10 00:00:00,519.596,99762.432,2011-11-21 00:00:00,440.5624389648438,-15174.444,-15.211,TSL hit
2012-02-20 00:00:00,563.535,84530.25,2013-04-29 00:00:00,723.4747314453125,23990.96,28.382,TSL hit
2014-03-31 00:00:00,777.907,108129.073,2016-02-22 00:00:00,1596.44384765625,113776.622,105.223,TSL hit
2016-06-13 00:00:00,2051.627,221575.716,2019-06-10 00:00:00,8222.888671875,666496.261,300.798,Target hit
2019-06-17 00:00:00,8379.954,888275.124,2020-03-09 00:00:00,7737.33642578125,-68117.463,-7.669,TSL hit
2021-02-01 00:00:00,9716.344,816172.896,2022-05-02 00:00:00,13635.5888671875,329216.569,40.337,TSL hit
2009-06-01 00:00:00,15.791,99988.612,2010-09-06 00:00:00,69.13516998291016,337775.284,337.814,Target hit
2010-09-13 00:00:00,71.453,437721.078,2013-08-05 00:00:00,102.3433227539062,189234.117,43.232,TSL hit
2013-12-16 00:00:00,145.306,626995.39,2015-12-28 00:00:00,599.1948852539062,1958530.54,312.368,Target hit
2016-01-04 00:00:00,620.687,2585161.355,2018-07-16 00:00:00,2696.16943359375,8644384.336,334.385,Target hit
2018-08-06 00:00:00,2782.463,11227238.205,2020-03-16 00:00:00,2936.44580078125,621320.601,5.534,TSL hit
2020-11-23 00:00:00,4883.101,11846403.026,2022-05-09 00:00:00,5495.7392578125,1486260.413,12.546,TSL hit
2009-05-11 00:00:00,55.53,99954.0,2011-08-15 00:00:00,128.6035919189453,131532.465,131.593,TSL hit
2012-12-17 00:00:00,149.258,231499.158,2013-03-18 00:00:00,119.7194137573242,-45814.347,-19.79,TSL hit
2014-03-24 00:00:00,136.187,185622.881,2015-03-23 00:00:00,151.6513214111328,21077.87,11.355,TSL hit
2017-01-30 00:00:00,179.699,206653.85,2017-08-07 00:00:00,138.0919189453125,-47848.143,-23.154,TSL hit
2021-02-15 00:00:00,88.534,158918.53,2021-04-19 00:00:00,61.11,-49226.08,-30.976,Stop loss hit
2021-10-18 00:00:00,91.786,109684.27,,,,,
2009-08-24 00:00:00,377.155,99946.075,2009-10-05 00:00:00,297.5124206542969,-21105.284,-21.117,TSL hit
2011-04-11 00:00:00,323.736,78667.848,2011-12-12 00:00:00,293.2984619140625,-7396.322,-9.402,TSL hit
2013-10-28 00:00:00,322.232,71213.27200000001,2015-12-07 00:00:00,275.6122436523438,-10302.966,-14.468,TSL hit
2017-06-26 00:00:00,339.379,61088.22,2018-04-02 00:00:00,347.1203308105469,1393.44,2.281,TSL hit
2019-06-03 00:00:00,355.846,62273.05,2020-09-21 00:00:00,439.6499938964844,14665.699,23.551,TSL hit
2021-01-11 00:00:00,602.65,77139.2,,,,,
2009-05-18 00:00:00,212.188,99940.548,2010-11-22 00:00:00,227.9326171875,7415.715,7.42,TSL hit
2014-03-24 00:00:00,119.836,107373.056,2015-08-31 00:00:00,124.5967864990234,4265.665,3.973,TSL hit
2017-02-06 00:00:00,96.014,111664.282,2017-08-07 00:00:00,76.35414123535156,-22864.416,-20.476,TSL hit
2021-02-01 00:00:00,43.55,88798.45,2022-02-21 00:00:00,48.15000152587891,9379.403,10.563,TSL hit
2009-08-24 00:00:00,3571.386,99998.808,2011-12-12 00:00:00,6076.20947265625,70135.057,70.136,TSL hit
2012-01-30 00:00:00,6781.405,169535.125,2013-08-19 00:00:00,7633.38232421875,21299.433,12.563,TSL hit
2013-12-16 00:00:00,8728.228,183292.788,2015-09-28 00:00:00,18152.26953125,197904.872,107.972,TSL hit
2016-08-01 00:00:00,23628.801,378060.816,2016-11-07 00:00:00,18898.244140625,-75688.91,-20.02,TSL hit
2017-07-31 00:00:00,23347.457,303516.941,2017-09-25 00:00:00,19530.615234375,-49618.943,-16.348,TSL hit
2018-08-27 00:00:00,21015.35,252184.2,2019-05-06 00:00:00,16479.77734375,-54426.872,-21.582,TSL hit
2021-01-18 00:00:00,15341.035,199433.455,2022-03-07 00:00:00,14127.0576171875,-15781.706,-7.913,TSL hit
2009-05-18 00:00:00,42.012,99988.56,2011-01-10 00:00:00,57.59520721435547,37088.033,37.092,TSL hit
2012-03-26 00:00:00,69.337,137079.249,2013-07-29 00:00:00,58.21549987792969,-21987.206,-16.04,TSL hit
2014-03-03 00:00:00,87.286,115042.948,2016-02-08 00:00:00,172.1912078857422,111905.064,97.272,TSL hit
2016-04-11 00:00:00,207.17,226851.15,2018-02-19 00:00:00,307.3417053222656,109688.017,48.352,TSL hit
2019-05-27 00:00:00,318.299,336442.043,2020-03-09 00:00:00,306.8945007324219,-12054.556,-3.583,TSL hit
2021-02-22 00:00:00,402.638,324526.228,2021-11-22 00:00:00,371.8333740234375,-24828.529,-7.651,TSL hit
2009-04-13 00:00:00,126.17,99926.64,2014-07-28 00:00:00,517.1887817382812,309686.875,309.914,Target hit
2014-08-11 00:00:00,535.838,409380.232,2016-01-18 00:00:00,1183.49951171875,494813.395,120.869,TSL hit
2016-08-08 00:00:00,1496.71,904012.84,2019-04-29 00:00:00,2499.97607421875,605972.709,67.031,TSL hit
2019-10-14 00:00:00,3033.172,1507486.484,2020-03-09 00:00:00,2577.359375,-226538.875,-15.028,TSL hit
2020-05-25 00:00:00,3186.061,1280796.522,2021-02-15 00:00:00,3209.4892578125,9418.16,0.735,TSL hit
2021-08-16 00:00:00,3829.889,1290672.593,2022-03-07 00:00:00,3145.6416015625,-230591.373,-17.866,TSL hit
2009-04-20 00:00:00,224.786,99804.984,2011-03-07 00:00:00,280.6643371582031,24809.982,24.858,TSL hit
2012-01-23 00:00:00,330.653,124656.181,2013-12-09 00:00:00,364.4440612792969,12739.23,10.219,TSL hit
2014-06-30 00:00:00,434.682,137359.51200000002,2015-06-08 00:00:00,565.2926635742188,41272.97,30.047,TSL hit
2015-08-10 00:00:00,718.801,178262.64800000002,2016-01-18 00:00:00,567.1214599609375,-37616.526,-21.102,TSL hit
2017-10-16 00:00:00,596.525,140779.9,2018-03-19 00:00:00,528.412841796875,-16074.469,-11.418,TSL hit
2018-07-30 00:00:00,629.159,124573.482,2019-08-05 00:00:00,480.5934143066406,-29415.986,-23.613,TSL hit
2020-04-06 00:00:00,576.42,95685.72,2021-12-13 00:00:00,860.2000122070312,47107.482,49.231,TSL hit
2022-03-07 00:00:00,1043.95,141977.2,,,,,
2012-09-10 00:00:00,179.791,99963.796,2013-07-29 00:00:00,123.188,-31471.268,-31.483,Stop loss hit
2014-04-07 00:00:00,159.235,68471.05,2017-06-19 00:00:00,163.3171997070312,1755.346,2.564,TSL hit
2018-01-08 00:00:00,206.064,70267.824,2018-11-26 00:00:00,172.9757537841797,-11283.092,-16.057,TSL hit
2021-02-22 00:00:00,131.434,58882.432,,,,,
2009-11-30 00:00:00,297.838,99775.73,2010-11-15 00:00:00,298.7626037597656,309.742,0.31,TSL hit
2011-06-27 00:00:00,358.772,100097.388,2016-02-08 00:00:00,937.4551391601562,161452.596,161.296,TSL hit
2016-08-15 00:00:00,1247.338,260693.642,2016-12-19 00:00:00,826.601,-87934.033,-33.731,Stop loss hit
2017-12-18 00:00:00,1057.956,173504.784,2021-05-31 00:00:00,4244.2021484375,522544.368,301.17,Target hit
2021-06-07 00:00:00,4316.804,695005.444,2021-12-20 00:00:00,4447.25,21001.806,3.022,TSL hit
2009-09-14 00:00:00,376.239,99703.335,2010-02-01 00:00:00,272.0978698730469,-27597.399,-27.68,TSL hit
2013-01-14 00:00:00,237.105,72317.025,2013-05-27 00:00:00,175.7306518554688,-18719.176,-25.885,TSL hit
2014-05-19 00:00:00,198.338,53551.26,2014-09-29 00:00:00,138.771,-16083.09,-30.033,Stop loss hit
2016-06-27 00:00:00,144.337,37527.62,2016-11-07 00:00:00,110.980598449707,-8672.664,-23.11,TSL hit
2017-04-17 00:00:00,174.834,28847.61,2018-05-14 00:00:00,191.0882720947266,2681.955,9.297,TSL hit
2019-11-04 00:00:00,199.719,31555.602,2020-03-16 00:00:00,138.182,-9722.846,-30.812,Stop loss hit
2021-01-11 00:00:00,277.641,21655.998000000003,2022-06-13 00:00:00,302.0,1900.002,8.774,TSL hit
2009-06-08 00:00:00,626.349,99589.491,2011-08-15 00:00:00,1283.726440429688,104523.013,104.954,TSL hit
2012-02-27 00:00:00,1524.627,204300.018,2014-05-19 00:00:00,2130.748779296875,81220.318,39.755,TSL hit
2014-08-25 00:00:00,2739.282,284885.32800000004,2015-11-23 00:00:00,2895.484619140625,16245.072,5.702,TSL hit
2018-08-27 00:00:00,2402.078,300259.75,2021-03-15 00:00:00,4178.54638671875,222058.548,73.955,TSL hit
2021-06-07 00:00:00,5330.654,522404.09200000006,2022-01-24 00:00:00,4161.951171875,-114532.877,-21.924,TSL hit
2009-05-25 00:00:00,24.224,99996.672,2010-08-23 00:00:00,107.4555206298828,343579.717,343.591,Target hit
2010-08-30 00:00:00,109.389,443572.395,2013-12-16 00:00:00,448.9450988769531,1376899.981,310.412,Target hit
2014-02-24 00:00:00,454.856,1820333.712,2015-07-06 00:00:00,1853.342651367188,5596743.579,307.457,Target hit
2015-07-13 00:00:00,1883.296,7416419.648,2015-11-09 00:00:00,1394.511108398438,-1924834.903,-25.954,TSL hit
2016-07-25 00:00:00,2015.679,5490709.596,2018-01-22 00:00:00,2388.026123046875,1014273.563,18.473,TSL hit
2019-11-18 00:00:00,2243.524,6506219.6,2020-03-16 00:00:00,1545.935,-2023008.1,-31.093,Stop loss hit
2020-11-09 00:00:00,2524.83,4481573.25,2021-11-22 00:00:00,2433.89990234375,-161400.923,-3.601,TSL hit
2009-05-18 00:00:00,55.324,99970.468,2011-11-14 00:00:00,76.8908920288086,38971.374,38.983,TSL hit
2014-01-13 00:00:00,74.841,138904.89599999998,2015-04-20 00:00:00,80.45984649658203,10428.579,7.508,TSL hit
2016-06-13 00:00:00,86.187,149362.071,2019-07-08 00:00:00,124.6608810424805,66675.236,44.64,TSL hit
2020-12-07 00:00:00,113.701,216031.9,2021-11-22 00:00:00,125.2776412963867,21995.618,10.182,TSL hit
2022-03-28 00:00:00,162.05,238051.45,,,,,
2009-06-01 00:00:00,346.674,99842.112,2010-05-24 00:00:00,258.402099609375,-25422.307,-25.463,TSL hit
2011-10-24 00:00:00,369.389,74247.189,2012-05-28 00:00:00,324.4490356445312,-9032.933,-12.166,TSL hit
2012-07-30 00:00:00,420.505,65178.275,2013-03-25 00:00:00,410.3310852050781,-1576.957,-2.419,TSL hit
2014-05-12 00:00:00,452.432,63792.912,2016-02-22 00:00:00,493.8862915039062,5845.055,9.163,TSL hit
2016-03-28 00:00:00,576.515,69758.315,2018-07-02 00:00:00,965.1640014648438,47026.529,67.414,TSL hit
2020-11-09 00:00:00,836.367,116255.013,2022-02-28 00:00:00,1477.599975585938,89131.384,76.669,TSL hit
2009-07-20 00:00:00,46.146,99998.382,2011-08-08 00:00:00,82.30535125732422,78357.314,78.359,TSL hit
2012-04-23 00:00:00,104.137,178282.544,2015-02-09 00:00:00,424.7681884765625,548920.595,307.894,Target hit
2015-02-16 00:00:00,426.431,727064.855,2016-04-25 00:00:00,327.1966247558594,-169194.61,-23.271,TSL hit
2017-01-09 00:00:00,379.472,557823.84,2020-03-09 00:00:00,456.9997863769531,113965.846,20.43,TSL hit
2020-07-13 00:00:00,577.763,671938.3690000001,2022-05-23 00:00:00,992.7493286132812,482629.1,71.826,TSL hit
2009-05-25 00:00:00,131.058,99997.254,2011-01-31 00:00:00,185.4332885742188,41488.345,41.489,TSL hit
2011-06-27 00:00:00,231.46,141422.06,2011-11-21 00:00:00,199.3724822998047,-19605.473,-13.863,TSL hit
2012-02-06 00:00:00,239.441,121875.469,2013-08-12 00:00:00,276.4520568847656,18838.628,15.457,TSL hit
2014-03-10 00:00:00,344.284,140467.872,2016-02-08 00:00:00,464.1137084960938,48890.521,34.805,TSL hit
2016-04-25 00:00:00,541.012,189354.2,2020-03-09 00:00:00,1052.947265625,179177.343,94.625,TSL hit
2020-11-02 00:00:00,1287.05,368096.3,2022-02-28 00:00:00,1350.794311523438,18230.873,4.953,TSL hit
2019-07-22 00:00:00,496.242,99744.642,2020-03-09 00:00:00,504.2459716796875,1608.798,1.613,TSL hit
2020-11-09 00:00:00,632.458,101193.28,2021-12-20 00:00:00,635.570556640625,498.009,0.492,TSL hit
2009-07-13 00:00:00,417.205,99711.995,2018-01-15 00:00:00,1770.952270507812,323545.598,324.48,Target hit
2018-01-22 00:00:00,1777.519,423049.522,2018-09-24 00:00:00,1650.968505859375,-30119.018,-7.12,TSL hit
2019-04-01 00:00:00,1941.16,392114.32,2022-02-07 00:00:00,2395.60107421875,91797.097,23.411,TSL hit
2009-02-09 00:00:00,595.919,99518.473,2010-08-30 00:00:00,1170.58837890625,95969.786,96.434,TSL hit
2011-08-15 00:00:00,1422.995,194950.315,2013-03-25 00:00:00,1146.631958007812,-37861.737,-19.421,TSL hit
2013-08-12 00:00:00,1476.308,157964.956,2015-04-13 00:00:00,1915.134887695312,46954.477,29.725,TSL hit
2016-02-29 00:00:00,2278.42,205057.8,2017-12-04 00:00:00,2965.55810546875,61842.429,30.159,TSL hit
2020-08-10 00:00:00,2661.591,266159.1,2021-08-16 00:00:00,2573.3935546875,-8819.745,-3.314,TSL hit
2009-09-07 00:00:00,111.211,99978.689,2011-06-13 00:00:00,154.7567901611328,39147.665,39.156,TSL hit
2014-03-03 00:00:00,117.936,139046.544,2015-03-09 00:00:00,125.4546813964844,8864.525,6.375,TSL hit
2016-06-27 00:00:00,120.464,147929.792,2018-03-05 00:00:00,214.9715118408203,116055.225,78.453,TSL hit
2019-12-30 00:00:00,213.867,263911.878,2020-02-24 00:00:00,154.0397491455078,-73826.828,-27.974,TSL hit
2020-11-16 00:00:00,214.069,190093.272,2022-05-09 00:00:00,388.0,154450.728,81.25,TSL hit
2009-02-09 00:00:00,35.487,99966.879,2010-03-22 00:00:00,37.50373458862305,5681.141,5.683,TSL hit
2010-06-28 00:00:00,57.471,105631.698,2011-02-21 00:00:00,38.651,-34591.16,-32.747,Stop loss hit
2013-01-14 00:00:00,47.817,71056.062,2013-06-10 00:00:00,34.56303405761719,-19695.393,-27.718,TSL hit
2014-03-24 00:00:00,42.371,51353.652,2016-02-08 00:00:00,102.0656585693359,72349.926,140.886,TSL hit
2016-05-23 00:00:00,141.479,123652.646,2018-01-22 00:00:00,281.5986022949219,122464.532,99.039,TSL hit
2019-05-20 00:00:00,238.815,245979.45,2020-02-24 00:00:00,160.846,-80308.07,-32.648,Stop loss hit
2021-02-15 00:00:00,207.776,165805.24800000002,2022-05-09 00:00:00,258.1499938964844,40198.447,24.244,TSL hit
2009-06-22 00:00:00,208.356,99802.524,2010-02-01 00:00:00,181.3240966796875,-12948.282,-12.974,TSL hit
2010-09-13 00:00:00,226.039,87025.015,2013-12-02 00:00:00,482.7755737304688,98843.581,113.581,TSL hit
2014-07-21 00:00:00,579.363,185396.16000000003,2016-11-07 00:00:00,733.0677490234375,49185.52,26.53,TSL hit
2017-04-24 00:00:00,854.857,234230.818,2021-12-13 00:00:00,2191.163330078125,366147.934,156.319,TSL hit
2014-09-01 00:00:00,282.133,99875.082,2018-01-22 00:00:00,1159.438110351562,310566.009,310.954,Target hit
2018-07-30 00:00:00,1175.213,410149.337,2018-09-24 00:00:00,736.581,-153082.568,-37.324,Stop loss hit
2021-05-31 00:00:00,261.35,257429.75000000003,2022-02-07 00:00:00,197.8500061035156,-62547.494,-24.297,TSL hit
2009-06-01 00:00:00,114.649,99973.928,2011-08-08 00:00:00,148.9760437011719,29933.182,29.941,TSL hit
2012-08-13 00:00:00,155.637,129801.258,2013-07-22 00:00:00,153.209228515625,-2024.761,-1.56,TSL hit
2014-03-10 00:00:00,199.827,127889.28,2015-06-01 00:00:00,241.1435394287109,26442.585,20.676,TSL hit
2016-10-17 00:00:00,244.435,154238.48500000002,2017-10-16 00:00:00,251.8931121826172,4706.069,3.051,TSL hit
2017-10-30 00:00:00,308.602,158930.03,2020-03-16 00:00:00,344.6907348632812,18585.698,11.694,TSL hit
2021-02-01 00:00:00,612.357,177583.53,2022-03-07 00:00:00,677.9000244140625,19007.477,10.703,TSL hit
2010-09-13 00:00:00,45.8,99981.4,2011-02-07 00:00:00,37.78549575805664,-17495.663,-17.499,TSL hit
2011-06-13 00:00:00,46.097,82467.533,2014-02-10 00:00:00,78.86695098876953,58625.442,71.089,TSL hit
2015-03-09 00:00:00,108.573,141036.327,2015-09-21 00:00:00,83.36688995361328,-32742.737,-23.216,TSL hit
2017-02-20 00:00:00,72.115,108316.73,2017-05-01 00:00:00,49.443,-34053.344,-31.439,Stop loss hit
2020-08-31 00:00:00,12.05,74324.40000000001,2020-10-12 00:00:00,8.05,-24672.0,-33.195,Stop loss hit
2021-01-11 00:00:00,13.65,49658.7,2021-03-22 00:00:00,9.1,-16552.9,-33.333,Stop loss hit
2021-11-29 00:00:00,14.45,33104.95,2022-03-21 00:00:00,10.1,-9965.85,-30.104,Stop loss hit
2009-06-01 00:00:00,46.475,99967.725,2011-01-10 00:00:00,55.75805282592773,19967.847,19.974,TSL hit
2012-09-17 00:00:00,59.563,119959.882,2013-06-24 00:00:00,49.50094223022461,-20264.984,-16.893,TSL hit
2014-05-19 00:00:00,57.742,99662.692,2015-08-24 00:00:00,56.69604110717773,-1805.325,-1.811,TSL hit
2016-09-26 00:00:00,59.355,97876.395,2018-01-29 00:00:00,46.52242660522461,-21160.914,-21.62,TSL hit
2020-11-23 00:00:00,41.11,76711.26,2021-08-16 00:00:00,43.42145156860352,4313.169,5.623,TSL hit
2021-11-08 00:00:00,61.862,81039.22,2022-06-13 00:00:00,44.70000076293945,-22482.219,-27.742,TSL hit
2009-06-08 00:00:00,67.622,99945.316,2010-11-29 00:00:00,275.2726135253906,306907.607,307.076,Target hit
2012-01-23 00:00:00,274.005,406897.425,2016-06-27 00:00:00,1099.145629882812,1225333.835,301.141,Target hit
2016-07-04 00:00:00,1102.423,1631586.04,2018-09-17 00:00:00,1744.580200195312,950392.656,58.25,TSL hit
2021-09-13 00:00:00,1130.0,2582050.0,2021-11-22 00:00:00,901.7999877929688,-521437.028,-20.195,TSL hit
2009-06-08 00:00:00,164.345,99921.76,2011-05-23 00:00:00,270.4961853027344,64539.921,64.59,TSL hit
2013-02-25 00:00:00,289.426,164393.968,2014-05-05 00:00:00,314.5218811035156,14254.46,8.671,TSL hit
2014-09-29 00:00:00,394.248,178594.34399999998,2016-08-15 00:00:00,437.2234802246094,19467.893,10.901,TSL hit
2017-12-11 00:00:00,455.664,198213.84,2019-10-21 00:00:00,600.5958251953125,63045.344,31.807,TSL hit
2020-07-13 00:00:00,867.063,260985.963,2022-04-18 00:00:00,1568.835327148438,211233.47,80.937,TSL hit
2009-05-18 00:00:00,23.627,99989.464,2011-11-07 00:00:00,27.4493579864502,16176.219,16.178,TSL hit
2013-01-07 00:00:00,28.403,116168.27,2013-06-17 00:00:00,23.43041229248047,-20337.884,-17.507,TSL hit
2014-05-12 00:00:00,33.665,95810.59,2016-02-08 00:00:00,39.07846832275391,15406.731,16.08,TSL hit
2016-06-27 00:00:00,51.593,111234.508,2018-03-19 00:00:00,82.17749786376953,65940.177,59.28,TSL hit
2019-05-27 00:00:00,86.298,177169.794,2019-08-12 00:00:00,65.81137084960938,-42059.05,-23.739,TSL hit
2021-02-15 00:00:00,57.963,135111.753,2022-06-13 00:00:00,69.46666717529297,26815.048,19.847,TSL hit
2009-06-08 00:00:00,47.476,99984.456,2011-01-31 00:00:00,76.65145874023438,61443.516,61.453,TSL hit
2011-03-28 00:00:00,91.431,161375.715,2015-03-16 00:00:00,174.2633819580078,146199.154,90.596,TSL hit
2016-05-23 00:00:00,195.039,307576.503,2016-11-14 00:00:00,186.5642852783203,-13364.625,-4.345,TSL hit
2017-01-30 00:00:00,223.574,294223.384,2017-09-25 00:00:00,214.691650390625,-11689.172,-3.973,TSL hit
2018-07-23 00:00:00,256.273,282412.846,2019-08-05 00:00:00,219.4432373046875,-40586.398,-14.371,TSL hit
2021-02-01 00:00:00,212.71,241851.27,,,,,
2009-06-01 00:00:00,372.117,99727.356,2011-07-25 00:00:00,578.100830078125,55203.666,55.355,TSL hit
2014-05-19 00:00:00,298.588,154967.17200000002,2014-08-25 00:00:00,232.4850769042969,-34307.417,-22.139,TSL hit
2017-01-30 00:00:00,91.098,120887.046,2018-07-16 00:00:00,182.9946899414062,121946.908,100.877,TSL hit
2020-01-20 00:00:00,188.532,242829.216,2020-03-09 00:00:00,121.132,-86811.2,-35.75,Stop loss hit
2020-08-03 00:00:00,198.959,155983.856,2022-06-13 00:00:00,329.2000122070312,102108.954,65.461,TSL hit
2009-05-25 00:00:00,133.943,99921.478,2010-02-01 00:00:00,120.9747619628906,-9674.306,-9.682,TSL hit
2012-10-01 00:00:00,87.824,90283.072,2013-03-18 00:00:00,62.82302474975586,-25701.003,-28.467,TSL hit
2014-05-12 00:00:00,68.3,64611.8,2014-08-25 00:00:00,46.5,-20622.8,-31.918,Stop loss hit
2017-01-30 00:00:00,13.0,43992.0,2018-03-05 00:00:00,13.94999980926514,3214.799,7.308,TSL hit
2020-07-27 00:00:00,3.3,47216.4,2021-06-14 00:00:00,14.10000038146973,154526.405,327.273,Target hit
2009-09-14 00:00:00,62.168,99966.144,2011-01-10 00:00:00,76.73915100097656,23430.411,23.438,TSL hit
2013-01-14 00:00:00,70.553,123397.197,2013-03-18 00:00:00,50.19357299804688,-35608.638,-28.857,TSL hit
2013-10-28 00:00:00,71.378,87794.94,2014-12-15 00:00:00,87.9063720703125,20329.898,23.156,TSL hit
2015-12-21 00:00:00,89.775,108089.1,2019-01-21 00:00:00,240.2076721191406,181120.937,167.566,TSL hit
2020-09-07 00:00:00,265.186,289052.74,2022-02-21 00:00:00,562.3907470703125,323953.174,112.074,TSL hit
2022-04-11 00:00:00,719.994,612714.894,2022-05-23 00:00:00,515.2273559570312,-174256.414,-28.44,TSL hit
2009-08-03 00:00:00,176.279,99950.193,2011-01-24 00:00:00,188.3666381835938,6853.691,6.857,TSL hit
2011-10-24 00:00:00,253.569,106752.549,2015-08-31 00:00:00,604.594482421875,147781.728,138.434,TSL hit
2016-05-23 00:00:00,740.461,253978.123,2016-12-12 00:00:00,717.5399780273438,-7861.911,-3.096,TSL hit
2017-03-06 00:00:00,827.102,246476.396,2018-09-24 00:00:00,1140.418579101562,93368.341,37.881,TSL hit
2019-04-29 00:00:00,1416.333,339919.92000000004,2020-03-09 00:00:00,1469.320434570312,12716.984,3.741,TSL hit
2020-11-02 00:00:00,1717.197,352025.38499999995,2021-07-26 00:00:00,1653.978759765625,-12959.739,-3.681,TSL hit
2021-09-13 00:00:00,2007.95,339343.55,,,,,
2009-06-01 00:00:00,555.063,99911.34,2011-01-10 00:00:00,632.4818115234375,13935.386,13.948,TSL hit
2012-09-10 00:00:00,562.5,113625.0,2013-07-22 00:00:00,478.9268493652344,-16881.776,-14.857,TSL hit
2013-12-02 00:00:00,630.61,96483.33,2015-08-31 00:00:00,890.7393188476562,39799.786,41.25,TSL hit
2017-03-27 00:00:00,935.305,136554.53,2020-02-24 00:00:00,1111.973754882812,25793.638,18.889,TSL hit
2021-01-04 00:00:00,1340.858,162243.818,2022-05-09 00:00:00,1515.09765625,21082.998,12.995,TSL hit
2009-05-04 00:00:00,144.768,99889.92,2012-12-24 00:00:00,579.7405395507812,300131.052,300.462,Target hit
2013-03-18 00:00:00,592.97,399661.78,2016-03-14 00:00:00,1490.663452148438,605045.387,151.389,TSL hit
2020-04-20 00:00:00,861.474,1004478.684,2021-08-16 00:00:00,920.8713989257812,69257.367,6.895,TSL hit
2009-04-13 00:00:00,756.444,99850.608,2011-01-31 00:00:00,1078.260986328125,42479.842,42.543,TSL hit
2012-02-13 00:00:00,1212.447,141856.299,2013-03-25 00:00:00,1182.914916992188,-3455.254,-2.436,TSL hit
2013-04-22 00:00:00,1544.797,137486.933,2016-02-01 00:00:00,3493.639892578125,173447.017,126.155,TSL hit
2016-07-25 00:00:00,4464.022,308017.518,2018-09-17 00:00:00,7809.0654296875,230807.997,74.933,TSL hit
2019-10-28 00:00:00,7502.893,540208.296,2020-03-09 00:00:00,5749.8896484375,-126216.241,-23.364,TSL hit
2020-11-30 00:00:00,7753.713,410946.789,2021-04-12 00:00:00,6605.9814453125,-60829.772,-14.802,TSL hit
2021-11-15 00:00:00,8117.15,349037.45,,,,,
2009-10-12 00:00:00,202.812,99986.316,2010-05-17 00:00:00,230.3601837158203,13581.255,13.583,TSL hit
2010-08-30 00:00:00,301.015,113482.655,2011-01-31 00:00:00,230.4862976074219,-26589.321,-23.43,TSL hit
2012-08-13 00:00:00,183.662,86872.126,2015-03-02 00:00:00,772.3300170898438,278439.972,320.517,Target hit
2015-04-06 00:00:00,780.44,365245.92,2016-01-04 00:00:00,562.0800170898438,-102192.472,-27.979,TSL hit
2017-07-10 00:00:00,534.06,262757.52,2018-07-16 00:00:00,566.9500122070312,16181.886,6.158,TSL hit
2020-02-03 00:00:00,676.65,278779.8,2020-03-23 00:00:00,470.4,-84975.0,-30.481,Stop loss hit
2021-06-07 00:00:00,646.05,193815.0,,,,,
2010-01-04 00:00:00,2122.288,99747.536,2012-01-09 00:00:00,3447.569091796875,62288.211,62.446,TSL hit
2012-03-19 00:00:00,4025.933,161037.32,2015-06-01 00:00:00,5425.61865234375,55987.426,34.767,TSL hit
2016-06-06 00:00:00,5951.865,214267.14,2022-02-07 00:00:00,17664.353515625,421649.587,196.787,TSL hit
2009-05-25 00:00:00,219.666,99948.03,2009-07-06 00:00:00,151.544,-30995.51,-31.012,Stop loss hit
2010-01-11 00:00:00,235.44,68983.92,2010-03-22 00:00:00,147.052,-25897.684,-37.542,Stop loss hit
2014-01-13 00:00:00,80.264,43101.768,2015-07-27 00:00:00,61.35284423828125,-10155.291,-23.561,TSL hit
2016-08-01 00:00:00,70.669,32931.754,2017-06-19 00:00:00,76.22709655761719,2590.073,7.865,TSL hit
2018-01-01 00:00:00,113.488,35521.744,2018-07-02 00:00:00,79.406,-10667.666,-30.031,Stop loss hit
2019-12-16 00:00:00,100.564,24839.308,2020-03-09 00:00:00,64.258,-8967.582,-36.102,Stop loss hit
2021-01-04 00:00:00,106.812,15808.176,2022-06-13 00:00:00,108.5999984741211,264.624,1.674,TSL hit
2009-05-18 00:00:00,112.197,99967.527,2010-11-22 00:00:00,93.78931427001952,-16401.248,-16.407,TSL hit
2012-02-13 00:00:00,103.832,83584.76,2012-05-14 00:00:00,80.09780883789062,-19106.024,-22.858,TSL hit
2014-05-19 00:00:00,94.896,64434.384,2015-08-17 00:00:00,74.41316986083984,-13907.842,-21.585,TSL hit
2016-04-18 00:00:00,89.078,50507.226,2018-11-26 00:00:00,93.32174682617188,2406.204,4.764,TSL hit
2021-02-15 00:00:00,95.987,52984.824,,,,,
2009-05-18 00:00:00,105.691,99983.686,2010-04-19 00:00:00,105.6962432861328,4.96,0.005,TSL hit
2010-06-21 00:00:00,131.188,99965.256,2011-01-17 00:00:00,118.9440612792969,-9329.881,-9.333,TSL hit
2012-06-25 00:00:00,126.621,90660.636,2013-07-29 00:00:00,128.5650024414062,1391.906,1.535,TSL hit
2014-04-28 00:00:00,157.207,91966.095,2014-12-01 00:00:00,174.4911193847656,10111.21,10.994,TSL hit
2016-09-05 00:00:00,129.97,102156.42,2017-05-22 00:00:00,138.1719818115234,6446.758,6.311,TSL hit
2018-01-01 00:00:00,159.308,108488.748,2018-10-01 00:00:00,120.4439392089844,-26466.425,-24.396,TSL hit
2019-05-20 00:00:00,149.038,82119.93800000001,2019-07-29 00:00:00,114.8125381469727,-18858.229,-22.964,TSL hit
2021-02-15 00:00:00,97.085,63299.42,2022-06-20 00:00:00,137.3500061035156,26252.784,41.474,TSL hit
2009-05-11 00:00:00,93.85,99950.25,2011-01-31 00:00:00,182.4889373779297,94400.468,94.447,TSL hit
2014-04-21 00:00:00,151.141,194367.326,2015-03-23 00:00:00,140.0514831542969,-14261.119,-7.337,TSL hit
2016-09-05 00:00:00,141.734,180002.18000000002,2017-09-25 00:00:00,126.273796081543,-19634.459,-10.908,TSL hit
2017-10-23 00:00:00,192.42,160478.28,2018-02-12 00:00:00,122.849,-58022.214,-36.156,Stop loss hit
2021-05-24 00:00:00,41.341,102442.998,2022-02-21 00:00:00,34.19813537597656,-17700.019,-17.278,TSL hit
2009-05-11 00:00:00,51.333,99996.684,2013-02-11 00:00:00,56.84722137451172,10741.703,10.742,TSL hit
2014-05-12 00:00:00,66.974,110708.022,2018-07-02 00:00:00,109.5137329101562,70318.179,63.517,TSL hit
2019-06-17 00:00:00,125.935,180968.595,2020-03-09 00:00:00,107.0425033569336,-27148.518,-15.002,TSL hit
2020-11-09 00:00:00,127.115,153809.15,,,,,
2013-04-22 00:00:00,92.874,99932.424,2014-02-17 00:00:00,111.5,20041.576,20.055,TSL hit
2015-12-14 00:00:00,83.25,119963.25,2016-02-01 00:00:00,57.65,-36889.6,-30.751,Stop loss hit
2020-07-06 00:00:00,1.95,83151.9,2022-05-09 00:00:00,2.450000047683716,21321.002,25.641,TSL hit
2012-10-01 00:00:00,344.306,99848.74,2013-03-18 00:00:00,238.632,-30645.46,-30.692,Stop loss hit
2014-05-12 00:00:00,356.659,69191.846,2015-03-23 00:00:00,337.8355712890625,-3651.745,-5.278,TSL hit
2016-08-15 00:00:00,386.01,65621.7,2017-11-13 00:00:00,422.6076049804688,6221.593,9.481,TSL hit
2021-03-08 00:00:00,13.55,71923.40000000001,,,,,
2009-06-08 00:00:00,528.608,99906.912,2010-08-23 00:00:00,430.4947814941406,-18543.398,-18.561,TSL hit
2012-12-31 00:00:00,398.841,81363.564,2014-02-24 00:00:00,374.3128051757812,-5003.752,-6.15,TSL hit
2014-03-31 00:00:00,441.834,76437.282,2014-12-08 00:00:00,416.6267700195312,-4360.851,-5.705,TSL hit
2015-07-13 00:00:00,488.03,71740.40999999999,2019-07-29 00:00:00,1158.67578125,98584.93,137.419,TSL hit
2019-10-14 00:00:00,1393.32,169985.03999999998,2020-03-09 00:00:00,1087.327514648438,-37331.083,-21.961,TSL hit
2020-06-08 00:00:00,1577.781,132533.604,,,,,
2009-05-25 00:00:00,1093.152,99476.832,2010-11-15 00:00:00,823.5264282226562,-24535.927,-24.665,TSL hit
2014-03-31 00:00:00,417.642,75175.56,2014-12-08 00:00:00,490.2428588867188,13068.155,17.384,TSL hit
2015-12-28 00:00:00,561.275,88120.175,2016-02-08 00:00:00,382.103,-28130.004,-31.922,Stop loss hit
2016-07-25 00:00:00,575.834,59886.736,2017-11-13 00:00:00,429.5354309082031,-15215.051,-25.406,TSL hit
2021-04-26 00:00:00,42.4,45156.0,2022-06-20 00:00:00,90.6999969482422,51439.497,113.915,TSL hit
2009-06-08 00:00:00,188.485,99897.05,2011-01-10 00:00:00,143.9601745605469,-23598.157,-23.622,TSL hit
2014-05-19 00:00:00,94.047,76366.164,2014-11-24 00:00:00,66.32257843017578,-22512.23,-29.479,TSL hit
2017-12-25 00:00:00,50.25,53868.0,2018-05-14 00:00:00,33.8,-17634.4,-32.736,Stop loss hit
2021-03-01 00:00:00,4.7,36251.1,2022-05-23 00:00:00,11.85000038146973,55147.953,152.128,TSL hit
2009-05-18 00:00:00,118.602,99981.486,2010-11-22 00:00:00,133.5095367431641,12567.053,12.569,TSL hit
2014-03-31 00:00:00,60.604,112541.628,2015-06-01 00:00:00,55.61285781860352,-9268.551,-8.236,TSL hit
2016-12-05 00:00:00,48.286,103283.754,2017-09-25 00:00:00,46.88786697387695,-2990.607,-2.896,TSL hit
2017-10-23 00:00:00,69.873,100267.755,2018-10-01 00:00:00,57.59385681152344,-17620.57,-17.574,TSL hit
2020-11-30 00:00:00,48.746,82673.216,2022-01-24 00:00:00,92.2645034790039,73807.382,89.276,TSL hit
2019-05-27 00:00:00,691.0,99504.0,2020-03-09 00:00:00,758.3828735351562,9703.134,9.752,TSL hit
2021-05-03 00:00:00,998.393,108824.837,2022-02-21 00:00:00,1053.639770507812,6021.898,5.534,TSL hit
2009-05-18 00:00:00,148.344,99983.856,2011-05-16 00:00:00,204.9043121337891,38121.65,38.128,TSL hit
2012-12-24 00:00:00,216.749,138069.11299999998,2013-07-15 00:00:00,168.2204132080078,-30912.71,-22.389,TSL hit
2014-05-05 00:00:00,203.641,107115.166,2015-08-31 00:00:00,214.8712615966797,5907.118,5.515,TSL hit
2016-08-15 00:00:00,249.939,112972.428,2017-09-18 00:00:00,255.4677276611328,2498.985,2.212,TSL hit
2017-10-23 00:00:00,303.469,115318.22,2018-03-19 00:00:00,229.0770263671875,-28268.95,-24.514,TSL hit
2019-03-25 00:00:00,312.932,87308.028,2019-09-30 00:00:00,243.8577575683594,-19271.714,-22.073,TSL hit
2021-02-01 00:00:00,383.519,67882.863,,,,,
2009-05-18 00:00:00,957.04,99532.16,2010-07-19 00:00:00,1724.6220703125,79828.535,80.204,TSL hit
2011-11-21 00:00:00,1942.996,178755.632,2013-08-05 00:00:00,3679.710205078125,159777.707,89.383,TSL hit
2014-03-03 00:00:00,4950.796,336654.128,2016-01-11 00:00:00,9516.5224609375,310469.399,92.222,TSL hit
2016-04-11 00:00:00,12413.378,645495.6560000001,2018-06-18 00:00:00,15304.5888671875,150342.965,23.291,TSL hit
2019-04-01 00:00:00,18844.881,791485.0020000001,2020-03-30 00:00:00,15686.8037109375,-132639.246,-16.758,TSL hit
2020-11-30 00:00:00,24759.756,643753.6560000001,2022-01-24 00:00:00,24027.783203125,-19031.293,-2.956,TSL hit
2009-09-07 00:00:00,471.076,99868.112,2011-11-14 00:00:00,667.0192260742188,41539.964,41.595,TSL hit
2014-03-03 00:00:00,625.797,141430.122,2016-01-11 00:00:00,997.2246704101562,83942.654,59.353,TSL hit
2017-04-17 00:00:00,1272.433,225220.641,2017-09-25 00:00:00,1154.492309570312,-20875.502,-9.269,TSL hit
2019-03-25 00:00:00,1109.637,204173.208,2020-03-09 00:00:00,1204.50537109375,17455.78,8.549,TSL hit
2021-01-04 00:00:00,1642.431,221728.185,,,,,
2009-09-28 00:00:00,130.071,99894.528,2013-07-08 00:00:00,524.4747314453125,302902.066,303.222,Target hit
2013-07-22 00:00:00,528.543,402749.766,2015-11-09 00:00:00,707.473388671875,136344.956,33.854,TSL hit
2018-07-30 00:00:00,564.13,538744.15,2018-11-26 00:00:00,475.7677612304688,-84385.938,-15.663,TSL hit
2020-04-20 00:00:00,475.413,454494.828,,,,,
2014-04-07 00:00:00,14.85,99999.9,2014-10-13 00:00:00,11.55000019073486,-22222.199,-22.222,TSL hit
2017-03-13 00:00:00,18.9,77773.5,2017-08-07 00:00:00,15.25,-15019.75,-19.312,TSL hit
2020-06-29 00:00:00,5.8,62756.0,2020-08-10 00:00:00,4.05,-18935.0,-30.172,Stop loss hit
2020-12-28 00:00:00,6.7,43818.0,2021-04-19 00:00:00,4.5,-14388.0,-32.836,Stop loss hit
2021-06-21 00:00:00,7.75,29434.5,2022-06-20 00:00:00,7.199999809265137,-2088.901,-7.097,TSL hit
2009-06-01 00:00:00,64.484,99950.2,2011-01-24 00:00:00,84.12157440185547,30438.24,30.453,TSL hit
2012-01-30 00:00:00,102.941,130426.247,2015-06-08 00:00:00,115.5188980102539,15936.197,12.219,TSL hit
2016-10-03 00:00:00,140.87,146363.93,2018-05-14 00:00:00,234.7635803222656,97555.43,66.653,TSL hit
2019-06-24 00:00:00,264.06,243727.38,2021-12-13 00:00:00,720.5460815429688,421336.653,172.872,TSL hit
2009-08-10 00:00:00,86.628,99968.712,2011-05-30 00:00:00,192.8560943603516,122587.221,122.626,TSL hit
2012-01-30 00:00:00,237.942,222475.77,2015-06-01 00:00:00,441.9210205078125,190720.384,85.726,TSL hit
2016-05-30 00:00:00,453.766,412927.06,2017-05-01 00:00:00,419.6000061035156,-31091.054,-7.529,TSL hit
2021-01-04 00:00:00,198.15,382033.2,,,,,
2009-06-29 00:00:00,87.869,99994.922,2010-02-22 00:00:00,90.7960433959961,3330.975,3.331,TSL hit
2014-05-12 00:00:00,73.713,103271.913,2015-03-23 00:00:00,61.47397994995117,-17146.867,-16.604,TSL hit
2016-06-06 00:00:00,63.631,86156.374,2018-07-09 00:00:00,60.5774040222168,-4134.569,-4.799,TSL hit
2020-11-23 00:00:00,63.592,82033.68,2022-04-04 00:00:00,275.891845703125,273866.801,333.847,Target hit
2009-09-14 00:00:00,16.639,99983.751,2011-08-08 00:00:00,15.82601642608643,-4885.218,-4.886,TSL hit
2013-12-02 00:00:00,14.95,95111.9,2015-07-06 00:00:00,10.137,-30620.306,-32.194,Stop loss hit
2016-07-11 00:00:00,13.852,64481.060000000005,2019-08-05 00:00:00,15.35639953613281,7002.98,10.861,TSL hit
2020-11-09 00:00:00,21.4,71497.4,2022-06-13 00:00:00,40.30416870117188,63158.828,88.337,TSL hit
2022-06-20 00:00:00,85.285,134579.72999999998,,,,,
2009-07-13 00:00:00,169.964,99938.832,2011-08-08 00:00:00,385.2580871582031,126592.923,126.67,TSL hit
2012-02-06 00:00:00,504.48,226511.52,2015-11-09 00:00:00,1057.3095703125,248220.477,109.584,TSL hit
2016-08-01 00:00:00,1186.356,474542.4,2016-09-05 00:00:00,1053.50634765625,-53139.861,-11.198,TSL hit
2017-10-09 00:00:00,1168.344,420603.84,2020-03-09 00:00:00,1737.74365234375,204983.875,48.736,TSL hit
2020-06-29 00:00:00,2137.891,626402.063,2022-05-16 00:00:00,3262.355224609375,329468.018,52.597,TSL hit
2009-07-20 00:00:00,161.088,99874.56,2010-04-19 00:00:00,166.8799133300781,3590.986,3.595,TSL hit
2011-07-25 00:00:00,157.858,103554.848,2011-08-22 00:00:00,125.2644348144531,-21381.379,-20.647,TSL hit
2012-07-30 00:00:00,155.745,82077.615,2015-04-20 00:00:00,489.5626831054688,175921.919,214.336,TSL hit
2017-11-20 00:00:00,431.627,258112.946,2019-07-08 00:00:00,594.8075561523438,97581.973,37.806,TSL hit
2020-02-03 00:00:00,752.492,355176.224,2020-03-09 00:00:00,606.8509521484375,-68742.575,-19.354,TSL hit
2020-09-28 00:00:00,767.142,286911.108,2022-04-18 00:00:00,1287.75537109375,194709.401,67.864,TSL hit
2009-07-20 00:00:00,60.802,99958.488,2011-12-12 00:00:00,150.9432373046875,148192.194,148.254,TSL hit
2012-02-13 00:00:00,216.788,248005.472,2015-07-27 00:00:00,311.4945678710938,108344.314,43.686,TSL hit
2016-06-20 00:00:00,378.218,356281.356,2016-11-07 00:00:00,324.4566650390625,-50643.178,-14.214,TSL hit
2017-02-06 00:00:00,418.466,305480.18,2020-03-09 00:00:00,1069.821655273438,475489.628,155.653,TSL hit
2020-11-16 00:00:00,1357.082,780322.15,2022-05-09 00:00:00,2084.326171875,418165.399,53.589,TSL hit
2009-05-18 00:00:00,625.704,99486.936,2010-06-28 00:00:00,836.3585205078125,33494.069,33.667,TSL hit
2011-09-19 00:00:00,1122.671,132475.178,2013-08-05 00:00:00,1630.396484375,59911.607,45.225,TSL hit
2014-03-24 00:00:00,2093.863,192635.396,2016-01-11 00:00:00,2570.22412109375,43825.223,22.75,TSL hit
2016-04-11 00:00:00,3213.712,234600.976,2016-12-12 00:00:00,3128.101318359375,-6249.58,-2.664,TSL hit
2017-04-24 00:00:00,4182.697,230048.335,2018-05-21 00:00:00,3633.60400390625,-30200.115,-13.128,TSL hit
2018-08-27 00:00:00,4428.419,199278.855,2018-10-22 00:00:00,3351.072998046875,-48480.57,-24.328,TSL hit
2019-04-22 00:00:00,4561.455,150528.01499999998,2020-03-09 00:00:00,3758.64990234375,-26492.568,-17.6,TSL hit
2020-11-09 00:00:00,4884.365,122109.125,2022-02-14 00:00:00,6916.60009765625,50805.877,41.607,TSL hit
2009-09-14 00:00:00,111.738,99893.772,2010-01-25 00:00:00,73.863,-33860.25,-33.896,Stop loss hit
2012-12-03 00:00:00,35.05,66139.34999999999,2013-03-18 00:00:00,24.0,-20851.35,-31.526,Stop loss hit
2014-05-19 00:00:00,29.6,45288.0,2014-09-22 00:00:00,20.45,-13999.5,-30.912,Stop loss hit
2016-07-11 00:00:00,8.1,31282.2,2016-08-15 00:00:00,5.15,-11392.9,-36.42,Stop loss hit
2017-07-17 00:00:00,8.45,19891.3,2018-03-19 00:00:00,5.7,-6473.5,-32.544,Stop loss hit
2020-01-27 00:00:00,1.7,13421.5,2022-06-13 00:00:00,1.700000047683716,0.0,0.0,TSL hit
2009-07-27 00:00:00,96.678,99965.052,2010-12-13 00:00:00,92.62640380859376,-4189.35,-4.191,TSL hit
2013-04-29 00:00:00,85.524,95786.88,2015-06-22 00:00:00,342.4913940429688,287803.481,300.462,Target hit
2016-05-02 00:00:00,366.71,383578.66,2017-11-06 00:00:00,462.3173522949219,100005.291,26.072,TSL hit
2019-02-04 00:00:00,517.193,483575.455,2019-08-05 00:00:00,513.5465087890625,-3409.469,-0.705,TSL hit
2021-03-01 00:00:00,576.393,480135.369,2022-02-21 00:00:00,645.6864624023438,57721.454,12.022,TSL hit
2009-06-08 00:00:00,89.496,99967.032,2011-08-22 00:00:00,92.69091033935548,3568.715,3.57,TSL hit
2013-10-21 00:00:00,93.948,103530.696,2015-07-06 00:00:00,69.24649810791016,-27221.055,-26.293,TSL hit
2016-07-04 00:00:00,71.047,76304.478,2018-06-18 00:00:00,131.4356689453125,64857.43,84.998,TSL hit
2020-12-07 00:00:00,105.025,141153.6,2022-06-13 00:00:00,244.0003051757812,186782.81,132.326,TSL hit
2009-07-20 00:00:00,90.97,99976.03,2011-08-15 00:00:00,107.9048690795898,18611.421,18.616,TSL hit
2013-03-04 00:00:00,153.027,118595.925,2013-04-22 00:00:00,113.4604949951172,-30664.041,-25.856,TSL hit
2013-08-12 00:00:00,159.145,87848.04000000001,2016-02-08 00:00:00,188.5465698242188,16229.667,18.475,TSL hit
2017-07-17 00:00:00,209.812,104066.752,2018-04-30 00:00:00,198.6129608154297,-5554.723,-5.338,TSL hit
2018-09-10 00:00:00,242.986,98409.33,2019-08-12 00:00:00,245.1974334716797,895.631,0.91,TSL hit
2020-07-20 00:00:00,267.279,99427.788,2022-01-24 00:00:00,547.59130859375,104276.179,104.876,TSL hit
2009-06-22 00:00:00,25.548,99994.872,2011-01-03 00:00:00,48.44356536865234,89613.243,89.618,TSL hit
2012-01-30 00:00:00,62.333,189554.653,2013-07-22 00:00:00,67.94207000732422,17057.182,8.999,TSL hit
2014-05-12 00:00:00,100.969,206582.574,2015-08-17 00:00:00,131.3009643554688,62059.199,30.041,TSL hit
2016-04-25 00:00:00,178.878,268674.756,2018-03-19 00:00:00,276.7889404296875,147062.233,54.736,TSL hit
2018-07-09 00:00:00,365.948,415716.928,2018-09-17 00:00:00,220.445,-165291.408,-39.761,Stop loss hit
2022-04-04 00:00:00,15.65,250493.9,,,,,
2009-09-21 00:00:00,99.754,99953.508,2011-01-10 00:00:00,107.7551727294922,8017.175,8.021,TSL hit
2012-06-25 00:00:00,136.475,107951.725,2015-04-20 00:00:00,305.909423828125,134022.629,124.151,TSL hit
2015-07-20 00:00:00,375.271,241674.524,2018-07-09 00:00:00,493.0696716308594,75862.345,31.39,TSL hit
2021-09-13 00:00:00,255.45,317779.8,2022-06-13 00:00:00,214.8000030517578,-50568.596,-15.913,TSL hit
