Date,Stock,Action,Price,Position Sizing
2009-08-24 00:00:00,BOSCHLTD,Entry,3571.386,99998.808
2011-12-12 00:00:00,BOSCHLTD,TSL hit,6076.20947265625,170133.865234375
2012-01-30 00:00:00,BOSCHLTD,Entry,6781.405,169535.125
2013-08-19 00:00:00,BOSCHLTD,TSL hit,7633.38232421875,190834.55810546875
2013-12-16 00:00:00,BOSCHLTD,Entry,8728.228,183292.78799999997
2015-09-28 00:00:00,BOSCHLTD,TSL hit,18152.26953125,381197.66015625
2016-08-01 00:00:00,BOSCHLTD,Entry,23628.801,378060.816
2016-11-07 00:00:00,BOSCHLTD,TSL hit,18898.244140625,302371.90625
2017-07-31 00:00:00,BOSCHLTD,Entry,23347.457,303516.941
2017-09-25 00:00:00,BOSCHLTD,TSL hit,19530.615234375,253897.998046875
2018-08-27 00:00:00,BOSCHLTD,Entry,21015.35,252184.19999999998
2019-05-06 00:00:00,BOSCHLTD,TSL hit,16479.77734375,197757.328125
2021-01-18 00:00:00,BOSCHLTD,Entry,15341.035,199433.455
2022-03-07 00:00:00,BOSCHLTD,TSL hit,14127.0576171875,183651.7490234375
2009-06-08 00:00:00,INFY,Entry,164.345,99921.76
2011-05-23 00:00:00,INFY,TSL hit,270.4961853027344,164461.6806640625
2013-02-25 00:00:00,INFY,Entry,289.426,164393.968
2014-05-05 00:00:00,INFY,TSL hit,314.5218811035156,178648.42846679688
2014-09-29 00:00:00,INFY,Entry,394.248,178594.34399999998
2016-08-15 00:00:00,INFY,TSL hit,437.2234802246094,198062.23654174805
2017-12-11 00:00:00,INFY,Entry,455.664,198213.84
2019-10-21 00:00:00,INFY,TSL hit,600.5958251953125,261259.18395996094
2020-07-13 00:00:00,INFY,Entry,867.063,260985.963
2022-04-18 00:00:00,INFY,TSL hit,1568.835327148438,472219.4334716798
2009-07-13 00:00:00,HDFC,Entry,417.205,99711.995
2018-01-15 00:00:00,HDFC,Target Achivied,1770.952270507812,423257.5926513671
2018-01-22 00:00:00,HDFC,Entry,1777.519,423049.522
2018-09-24 00:00:00,HDFC,TSL hit,1650.968505859375,392930.50439453125
2019-04-01 00:00:00,HDFC,Entry,1941.16,392114.32
2022-02-07 00:00:00,HDFC,TSL hit,2395.60107421875,483911.4169921875
2009-06-22 00:00:00,YESBANK,Entry,25.548,99994.87199999999
2011-01-03 00:00:00,YESBANK,TSL hit,48.44356536865234,189608.11485290524
2012-01-30 00:00:00,YESBANK,Entry,62.333,189554.653
2013-07-22 00:00:00,YESBANK,TSL hit,67.94207000732422,206611.83489227295
2014-05-12 00:00:00,YESBANK,Entry,100.969,206582.574
2015-08-17 00:00:00,YESBANK,TSL hit,131.3009643554688,268641.7730712892
2016-04-25 00:00:00,YESBANK,Entry,178.878,268674.756
2018-03-19 00:00:00,YESBANK,TSL hit,276.7889404296875,415736.9885253906
2018-07-09 00:00:00,YESBANK,Entry,365.948,415716.92799999996
2018-09-17 00:00:00,YESBANK,Stoploss Hit,220.445,250425.52
2022-04-04 00:00:00,YESBANK,Entry,15.65,250493.9
2012-09-10 00:00:00,COALINDIA,Entry,179.791,99963.796
2013-07-29 00:00:00,COALINDIA,Stoploss Hit,123.188,68492.528
2014-04-07 00:00:00,COALINDIA,Entry,159.235,68471.05
2017-06-19 00:00:00,COALINDIA,TSL hit,163.3171997070312,70226.39587402341
2018-01-08 00:00:00,COALINDIA,Entry,206.064,70267.824
2018-11-26 00:00:00,COALINDIA,TSL hit,172.9757537841797,58984.73204040527
2021-02-22 00:00:00,COALINDIA,Entry,131.434,58882.432
2010-09-13 00:00:00,IDEA,Entry,45.8,99981.4
2011-02-07 00:00:00,IDEA,TSL hit,37.78549575805664,82485.73723983765
2011-06-13 00:00:00,IDEA,Entry,46.097,82467.533
2014-02-10 00:00:00,IDEA,TSL hit,78.86695098876953,141092.9753189087
2015-03-09 00:00:00,IDEA,Entry,108.573,141036.327
2015-09-21 00:00:00,IDEA,TSL hit,83.36688995361328,108293.59004974365
2017-02-20 00:00:00,IDEA,Entry,72.115,108316.73
2017-05-01 00:00:00,IDEA,Stoploss Hit,49.443,74263.386
2020-08-31 00:00:00,IDEA,Entry,12.05,74324.40000000001
2020-10-12 00:00:00,IDEA,Stoploss Hit,8.05,49652.4
2021-01-11 00:00:00,IDEA,Entry,13.65,49658.700000000004
2021-03-22 00:00:00,IDEA,Stoploss Hit,9.1,33105.799999999996
2021-11-29 00:00:00,IDEA,Entry,14.45,33104.95
2022-03-21 00:00:00,IDEA,Stoploss Hit,10.1,23139.1
2009-06-01 00:00:00,ICICIBANK,Entry,114.649,99973.928
2011-08-08 00:00:00,ICICIBANK,TSL hit,148.9760437011719,129907.1101074219
2012-08-13 00:00:00,ICICIBANK,Entry,155.637,129801.258
2013-07-22 00:00:00,ICICIBANK,TSL hit,153.209228515625,127776.49658203125
2014-03-10 00:00:00,ICICIBANK,Entry,199.827,127889.28
2015-06-01 00:00:00,ICICIBANK,TSL hit,241.1435394287109,154331.86523437497
2016-10-17 00:00:00,ICICIBANK,Entry,244.435,154238.48500000002
2017-10-16 00:00:00,ICICIBANK,TSL hit,251.8931121826172,158944.55378723145
2017-10-30 00:00:00,ICICIBANK,Entry,308.602,158930.03
2020-03-16 00:00:00,ICICIBANK,TSL hit,344.6907348632812,177515.72845458981
2021-02-01 00:00:00,ICICIBANK,Entry,612.357,177583.53
2022-03-07 00:00:00,ICICIBANK,TSL hit,677.9000244140625,196591.00708007812
2009-09-14 00:00:00,JSWSTEEL,Entry,62.168,99966.144
2011-01-10 00:00:00,JSWSTEEL,TSL hit,76.73915100097656,123396.55480957031
2013-01-14 00:00:00,JSWSTEEL,Entry,70.553,123397.197
2013-03-18 00:00:00,JSWSTEEL,TSL hit,50.19357299804688,87788.559173584
2013-10-28 00:00:00,JSWSTEEL,Entry,71.378,87794.94
2014-12-15 00:00:00,JSWSTEEL,TSL hit,87.9063720703125,108124.83764648438
2015-12-21 00:00:00,JSWSTEEL,Entry,89.775,108089.1
2019-01-21 00:00:00,JSWSTEEL,TSL hit,240.2076721191406,289210.03723144525
2020-09-07 00:00:00,JSWSTEEL,Entry,265.186,289052.74
2022-02-21 00:00:00,JSWSTEEL,TSL hit,562.3907470703125,613005.9143066406
2022-04-11 00:00:00,JSWSTEEL,Entry,719.994,612714.894
2022-05-23 00:00:00,JSWSTEEL,TSL hit,515.2273559570312,438458.4799194336
2009-09-28 00:00:00,SUNPHARMA,Entry,130.071,99894.52799999999
2013-07-08 00:00:00,SUNPHARMA,Target Achivied,524.4747314453125,402796.59375
2013-07-22 00:00:00,SUNPHARMA,Entry,528.543,402749.766
2015-11-09 00:00:00,SUNPHARMA,TSL hit,707.473388671875,539094.7221679688
2018-07-30 00:00:00,SUNPHARMA,Entry,564.13,538744.15
2018-11-26 00:00:00,SUNPHARMA,TSL hit,475.7677612304688,454358.2119750977
2020-04-20 00:00:00,SUNPHARMA,Entry,475.413,454494.82800000004
2009-06-08 00:00:00,VEDL,Entry,89.496,99967.03199999999
2011-08-22 00:00:00,VEDL,TSL hit,92.69091033935547,103535.74684906006
2013-10-21 00:00:00,VEDL,Entry,93.948,103530.696
2015-07-06 00:00:00,VEDL,TSL hit,69.24649810791016,76309.64091491699
2016-07-04 00:00:00,VEDL,Entry,71.047,76304.478
2018-06-18 00:00:00,VEDL,TSL hit,131.4356689453125,141161.90844726562
2020-12-07 00:00:00,VEDL,Entry,105.025,141153.6
2022-06-13 00:00:00,VEDL,TSL hit,244.0003051757812,327936.41015624994
2009-09-14 00:00:00,TATASTEEL,Entry,16.639,99983.75099999999
2011-08-08 00:00:00,TATASTEEL,TSL hit,15.82601642608643,95098.53270435335
2013-12-02 00:00:00,TATASTEEL,Entry,14.95,95111.9
2015-07-06 00:00:00,TATASTEEL,Stoploss Hit,10.137,64491.594000000005
2016-07-11 00:00:00,TATASTEEL,Entry,13.852,64481.060000000005
2019-08-05 00:00:00,TATASTEEL,TSL hit,15.35639953613281,71484.03984069823
2020-11-09 00:00:00,TATASTEEL,Entry,21.4,71497.4
2022-06-13 00:00:00,TATASTEEL,TSL hit,40.30416870117188,134656.22763061526
2022-06-20 00:00:00,TATASTEEL,Entry,85.285,134579.72999999998
2009-05-18 00:00:00,BHEL,Entry,212.188,99940.548
2010-11-22 00:00:00,BHEL,TSL hit,227.9326171875,107356.2626953125
2014-03-24 00:00:00,BHEL,Entry,119.836,107373.056
2015-08-31 00:00:00,BHEL,TSL hit,124.5967864990234,111638.72070312496
2017-02-06 00:00:00,BHEL,Entry,96.014,111664.28199999999
2017-08-07 00:00:00,BHEL,TSL hit,76.35414123535156,88799.86625671387
2021-02-01 00:00:00,BHEL,Entry,43.55,88798.45
2022-02-21 00:00:00,BHEL,TSL hit,48.15000152587891,98177.8531112671
2009-09-14 00:00:00,UNITECH,Entry,111.738,99893.772
2010-01-25 00:00:00,UNITECH,Stoploss Hit,73.863,66033.522
2012-12-03 00:00:00,UNITECH,Entry,35.05,66139.34999999999
2013-03-18 00:00:00,UNITECH,Stoploss Hit,24.0,45288.0
2014-05-19 00:00:00,UNITECH,Entry,29.6,45288.0
2014-09-22 00:00:00,UNITECH,Stoploss Hit,20.45,31288.5
2016-07-11 00:00:00,UNITECH,Entry,8.1,31282.199999999997
2016-08-15 00:00:00,UNITECH,Stoploss Hit,5.15,19889.300000000003
2017-07-17 00:00:00,UNITECH,Entry,8.45,19891.3
2018-03-19 00:00:00,UNITECH,Stoploss Hit,5.7,13417.800000000001
2020-01-27 00:00:00,UNITECH,Entry,1.7,13421.5
2022-06-13 00:00:00,UNITECH,TSL hit,1.700000047683716,13421.500376462938
2009-09-14 00:00:00,DLF,Entry,376.239,99703.33499999999
2010-02-01 00:00:00,DLF,TSL hit,272.0978698730469,72105.93551635742
2013-01-14 00:00:00,DLF,Entry,237.105,72317.025
2013-05-27 00:00:00,DLF,TSL hit,175.7306518554688,53597.84881591798
2014-05-19 00:00:00,DLF,Entry,198.338,53551.259999999995
2014-09-29 00:00:00,DLF,Stoploss Hit,138.771,37468.17
2016-06-27 00:00:00,DLF,Entry,144.337,37527.619999999995
2016-11-07 00:00:00,DLF,TSL hit,110.980598449707,28854.95559692382
2017-04-17 00:00:00,DLF,Entry,174.834,28847.61
2018-05-14 00:00:00,DLF,TSL hit,191.0882720947266,31529.564895629886
2019-11-04 00:00:00,DLF,Entry,199.719,31555.602
2020-03-16 00:00:00,DLF,Stoploss Hit,138.182,21832.755999999998
2021-01-11 00:00:00,DLF,Entry,277.641,21655.998000000003
2022-06-13 00:00:00,DLF,TSL hit,302.0,23556.0
2009-05-11 00:00:00,POWERGRID,Entry,51.333,99996.684
2013-02-11 00:00:00,POWERGRID,TSL hit,56.84722137451172,110738.38723754883
2014-05-12 00:00:00,POWERGRID,Entry,66.974,110708.02200000001
2018-07-02 00:00:00,POWERGRID,TSL hit,109.5137329101562,181026.2005004882
2019-06-17 00:00:00,POWERGRID,Entry,125.935,180968.595
2020-03-09 00:00:00,POWERGRID,TSL hit,107.0425033569336,153820.07732391357
2020-11-09 00:00:00,POWERGRID,Entry,127.115,153809.15
2009-08-24 00:00:00,BHARTIARTL,Entry,377.155,99946.075
2009-10-05 00:00:00,BHARTIARTL,TSL hit,297.5124206542969,78840.79147338867
2011-04-11 00:00:00,BHARTIARTL,Entry,323.736,78667.848
2011-12-12 00:00:00,BHARTIARTL,TSL hit,293.2984619140625,71271.52624511719
2013-10-28 00:00:00,BHARTIARTL,Entry,322.232,71213.27200000001
2015-12-07 00:00:00,BHARTIARTL,TSL hit,275.6122436523438,60910.30584716798
2017-06-26 00:00:00,BHARTIARTL,Entry,339.379,61088.22
2018-04-02 00:00:00,BHARTIARTL,TSL hit,347.1203308105469,62481.65954589844
2019-06-03 00:00:00,BHARTIARTL,Entry,355.846,62273.05
2020-09-21 00:00:00,BHARTIARTL,TSL hit,439.6499938964844,76938.74893188477
2021-01-11 00:00:00,BHARTIARTL,Entry,602.65,77139.2
2009-10-12 00:00:00,ABB,Entry,759.887,99545.19699999999
2010-05-03 00:00:00,ABB,TSL hit,635.8468017578125,83295.93103027344
2010-06-21 00:00:00,ABB,Entry,815.351,83165.802
2011-01-24 00:00:00,ABB,TSL hit,659.3482055664062,67253.51696777344
2012-01-30 00:00:00,ABB,Entry,832.891,67464.171
2013-02-11 00:00:00,ABB,Stoploss Hit,570.404,46202.724
2014-02-24 00:00:00,ABB,Entry,677.316,46057.488000000005
2015-09-28 00:00:00,ABB,TSL hit,1003.553466796875,68241.6357421875
2017-04-03 00:00:00,ABB,Entry,1315.7,68416.40000000001
2018-03-19 00:00:00,ABB,TSL hit,1221.921752929688,63539.93115234377
2019-04-22 00:00:00,ABB,Entry,1425.497,62721.868
2019-12-16 00:00:00,ABB,TSL hit,1226.472534179688,53964.79150390627
2021-01-04 00:00:00,ABB,Entry,1299.01,54558.42
2009-02-09 00:00:00,HEROMOTOCO,Entry,595.919,99518.473
2010-08-30 00:00:00,HEROMOTOCO,TSL hit,1170.58837890625,195488.25927734375
2011-08-15 00:00:00,HEROMOTOCO,Entry,1422.995,194950.31499999997
2013-03-25 00:00:00,HEROMOTOCO,TSL hit,1146.631958007812,157088.57824707025
2013-08-12 00:00:00,HEROMOTOCO,Entry,1476.308,157964.956
2015-04-13 00:00:00,HEROMOTOCO,TSL hit,1915.134887695312,204919.43298339838
2016-02-29 00:00:00,HEROMOTOCO,Entry,2278.42,205057.80000000002
2017-12-04 00:00:00,HEROMOTOCO,TSL hit,2965.55810546875,266900.2294921875
2020-08-10 00:00:00,HEROMOTOCO,Entry,2661.591,266159.1
2021-08-16 00:00:00,HEROMOTOCO,TSL hit,2573.3935546875,257339.35546875
2009-05-25 00:00:00,RELINFRA,Entry,1093.152,99476.83200000001
2010-11-15 00:00:00,RELINFRA,TSL hit,823.5264282226562,74940.90496826172
2014-03-31 00:00:00,RELINFRA,Entry,417.642,75175.56
2014-12-08 00:00:00,RELINFRA,TSL hit,490.2428588867188,88243.71459960939
2015-12-28 00:00:00,RELINFRA,Entry,561.275,88120.175
2016-02-08 00:00:00,RELINFRA,Stoploss Hit,382.103,59990.171
2016-07-25 00:00:00,RELINFRA,Entry,575.834,59886.736
2017-11-13 00:00:00,RELINFRA,TSL hit,429.5354309082031,44671.684814453125
2021-04-26 00:00:00,RELINFRA,Entry,42.4,45156.0
2022-06-20 00:00:00,RELINFRA,TSL hit,90.69999694824219,96595.49674987793
2010-01-04 00:00:00,NESTLEIND,Entry,2122.288,99747.53600000001
2012-01-09 00:00:00,NESTLEIND,TSL hit,3447.569091796875,162035.74731445312
2012-03-19 00:00:00,NESTLEIND,Entry,4025.933,161037.32
2015-06-01 00:00:00,NESTLEIND,TSL hit,5425.61865234375,217024.74609375
2016-06-06 00:00:00,NESTLEIND,Entry,5951.865,214267.13999999998
2022-02-07 00:00:00,NESTLEIND,TSL hit,17664.353515625,635916.7265625
2009-05-18 00:00:00,BPCL,Entry,42.012,99988.56
2011-01-10 00:00:00,BPCL,TSL hit,57.59520721435547,137076.59317016602
2012-03-26 00:00:00,BPCL,Entry,69.337,137079.249
2013-07-29 00:00:00,BPCL,TSL hit,58.21549987792969,115092.04325866699
2014-03-03 00:00:00,BPCL,Entry,87.286,115042.948
2016-02-08 00:00:00,BPCL,TSL hit,172.1912078857422,226948.0119934082
2016-04-11 00:00:00,BPCL,Entry,207.17,226851.15
2018-02-19 00:00:00,BPCL,TSL hit,307.3417053222656,336539.16732788086
2019-05-27 00:00:00,BPCL,Entry,318.299,336442.043
2020-03-09 00:00:00,BPCL,TSL hit,306.8945007324219,324387.4872741699
2021-02-22 00:00:00,BPCL,Entry,402.638,324526.228
2021-11-22 00:00:00,BPCL,TSL hit,371.8333740234375,299697.6994628906
2009-07-13 00:00:00,TCS,Entry,169.964,99938.832
2011-08-08 00:00:00,TCS,TSL hit,385.2580871582031,226531.75524902344
2012-02-06 00:00:00,TCS,Entry,504.48,226511.52000000002
2015-11-09 00:00:00,TCS,TSL hit,1057.3095703125,474731.9970703125
2016-08-01 00:00:00,TCS,Entry,1186.356,474542.4
2016-09-05 00:00:00,TCS,TSL hit,1053.50634765625,421402.5390625
2017-10-09 00:00:00,TCS,Entry,1168.344,420603.84
2020-03-09 00:00:00,TCS,TSL hit,1737.74365234375,625587.71484375
2020-06-29 00:00:00,TCS,Entry,2137.891,626402.063
2022-05-16 00:00:00,TCS,TSL hit,3262.355224609375,955870.0808105469
2019-05-27 00:00:00,SBILIFE,Entry,691.0,99504.0
2020-03-09 00:00:00,SBILIFE,TSL hit,758.3828735351562,109207.1337890625
2021-05-03 00:00:00,SBILIFE,Entry,998.393,108824.837
2022-02-21 00:00:00,SBILIFE,TSL hit,1053.639770507812,114846.73498535152
2009-05-18 00:00:00,IOC,Entry,23.627,99989.46399999999
2011-11-07 00:00:00,IOC,TSL hit,27.4493579864502,116165.68299865724
2013-01-07 00:00:00,IOC,Entry,28.403,116168.26999999999
2013-06-17 00:00:00,IOC,TSL hit,23.43041229248047,95830.38627624512
2014-05-12 00:00:00,IOC,Entry,33.665,95810.59
2016-02-08 00:00:00,IOC,TSL hit,39.07846832275391,111217.32084655763
2016-06-27 00:00:00,IOC,Entry,51.593,111234.508
2018-03-19 00:00:00,IOC,TSL hit,82.17749786376953,177174.6853942871
2019-05-27 00:00:00,IOC,Entry,86.298,177169.794
2019-08-12 00:00:00,IOC,TSL hit,65.81137084960938,135110.74435424805
2021-02-15 00:00:00,IOC,Entry,57.963,135111.753
2022-06-13 00:00:00,IOC,TSL hit,69.46666717529297,161926.8011856079
2009-05-25 00:00:00,HDFCBANK,Entry,131.058,99997.254
2011-01-31 00:00:00,HDFCBANK,TSL hit,185.4332885742188,141485.59918212894
2011-06-27 00:00:00,HDFCBANK,Entry,231.46,141422.06
2011-11-21 00:00:00,HDFCBANK,TSL hit,199.3724822998047,121816.58668518066
2012-02-06 00:00:00,HDFCBANK,Entry,239.441,121875.469
2013-08-12 00:00:00,HDFCBANK,TSL hit,276.4520568847656,140714.0969543457
2014-03-10 00:00:00,HDFCBANK,Entry,344.284,140467.872
2016-02-08 00:00:00,HDFCBANK,TSL hit,464.1137084960938,189358.39306640628
2016-04-25 00:00:00,HDFCBANK,Entry,541.012,189354.19999999998
2020-03-09 00:00:00,HDFCBANK,TSL hit,1052.947265625,368531.54296875
2020-11-02 00:00:00,HDFCBANK,Entry,1287.05,368096.3
2022-02-28 00:00:00,HDFCBANK,TSL hit,1350.794311523438,386327.17309570324
2009-06-08 00:00:00,RPOWER,Entry,188.485,99897.05
2011-01-10 00:00:00,RPOWER,TSL hit,143.9601745605469,76298.89251708986
2014-05-19 00:00:00,RPOWER,Entry,94.047,76366.164
2014-11-24 00:00:00,RPOWER,TSL hit,66.32257843017578,53853.933685302734
2017-12-25 00:00:00,RPOWER,Entry,50.25,53868.0
2018-05-14 00:00:00,RPOWER,Stoploss Hit,33.8,36233.6
2021-03-01 00:00:00,RPOWER,Entry,4.7,36251.1
2022-05-23 00:00:00,RPOWER,TSL hit,11.85000038146973,91399.05294227603
2009-10-12 00:00:00,MCDOWELL-N,Entry,202.812,99986.316
2010-05-17 00:00:00,MCDOWELL-N,TSL hit,230.3601837158203,113567.57057189941
2010-08-30 00:00:00,MCDOWELL-N,Entry,301.015,113482.655
2011-01-31 00:00:00,MCDOWELL-N,TSL hit,230.4862976074219,86893.33419799806
2012-08-13 00:00:00,MCDOWELL-N,Entry,183.662,86872.126
2015-03-02 00:00:00,MCDOWELL-N,Target Achivied,772.3300170898438,365312.0980834961
2015-04-06 00:00:00,MCDOWELL-N,Entry,780.44,365245.92000000004
2016-01-04 00:00:00,MCDOWELL-N,TSL hit,562.0800170898438,263053.4479980469
2017-07-10 00:00:00,MCDOWELL-N,Entry,534.06,262757.51999999996
2018-07-16 00:00:00,MCDOWELL-N,TSL hit,566.9500122070312,278939.4060058594
2020-02-03 00:00:00,MCDOWELL-N,Entry,676.65,278779.8
2020-03-23 00:00:00,MCDOWELL-N,Stoploss Hit,470.4,193804.8
2021-06-07 00:00:00,MCDOWELL-N,Entry,646.05,193815.0
2009-07-20 00:00:00,TITAN,Entry,60.802,99958.488
2011-12-12 00:00:00,TITAN,TSL hit,150.9432373046875,248150.68212890625
2012-02-13 00:00:00,TITAN,Entry,216.788,248005.472
2015-07-27 00:00:00,TITAN,TSL hit,311.4945678710938,356349.7856445313
2016-06-20 00:00:00,TITAN,Entry,378.218,356281.356
2016-11-07 00:00:00,TITAN,TSL hit,324.4566650390625,305638.1784667969
2017-02-06 00:00:00,TITAN,Entry,418.466,305480.18
2020-03-09 00:00:00,TITAN,TSL hit,1069.821655273438,780969.8083496097
2020-11-16 00:00:00,TITAN,Entry,1357.082,780322.15
2022-05-09 00:00:00,TITAN,TSL hit,2084.326171875,1198487.548828125
2009-05-18 00:00:00,SAIL,Entry,118.602,99981.486
2010-11-22 00:00:00,SAIL,TSL hit,133.5095367431641,112548.53947448733
2014-03-31 00:00:00,SAIL,Entry,60.604,112541.628
2015-06-01 00:00:00,SAIL,TSL hit,55.61285781860352,103273.07696914674
2016-12-05 00:00:00,SAIL,Entry,48.286,103283.754
2017-09-25 00:00:00,SAIL,TSL hit,46.88786697387695,100293.1474571228
2017-10-23 00:00:00,SAIL,Entry,69.873,100267.755
2018-10-01 00:00:00,SAIL,TSL hit,57.59385681152344,82647.18452453613
2020-11-30 00:00:00,SAIL,Entry,48.746,82673.216
2022-01-24 00:00:00,SAIL,TSL hit,92.2645034790039,156480.59790039062
2009-05-25 00:00:00,JPASSOCIAT,Entry,133.943,99921.478
2010-02-01 00:00:00,JPASSOCIAT,TSL hit,120.9747619628906,90247.17242431639
2012-10-01 00:00:00,JPASSOCIAT,Entry,87.824,90283.072
2013-03-18 00:00:00,JPASSOCIAT,TSL hit,62.82302474975586,64582.06944274902
2014-05-12 00:00:00,JPASSOCIAT,Entry,68.3,64611.799999999996
2014-08-25 00:00:00,JPASSOCIAT,Stoploss Hit,46.5,43989.0
2017-01-30 00:00:00,JPASSOCIAT,Entry,13.0,43992.0
2018-03-05 00:00:00,JPASSOCIAT,TSL hit,13.94999980926514,47206.79935455324
2020-07-27 00:00:00,JPASSOCIAT,Entry,3.3,47216.399999999994
2021-06-14 00:00:00,JPASSOCIAT,Target Achivied,14.10000038146973,201742.8054580689
2009-05-18 00:00:00,AUROPHARMA,Entry,30.977,99993.756
2011-02-21 00:00:00,AUROPHARMA,TSL hit,76.7238540649414,247664.60092163086
2012-09-24 00:00:00,AUROPHARMA,Entry,66.865,247667.96
2014-03-31 00:00:00,AUROPHARMA,Target Achivied,269.4117431640625,997901.0966796875
2014-04-21 00:00:00,AUROPHARMA,Entry,276.255,997833.0599999999
2016-02-08 00:00:00,AUROPHARMA,TSL hit,636.7316284179688,2299874.641845703
2017-10-30 00:00:00,AUROPHARMA,Entry,762.316,2299907.372
2018-01-15 00:00:00,AUROPHARMA,TSL hit,623.5991821289062,1881398.7324829102
2018-09-03 00:00:00,AUROPHARMA,Entry,777.779,1880669.622
2019-05-13 00:00:00,AUROPHARMA,TSL hit,653.2530517578125,1579565.8791503906
2020-05-18 00:00:00,AUROPHARMA,Entry,716.598,1580098.5899999999
2021-08-09 00:00:00,AUROPHARMA,TSL hit,749.881103515625,1653487.8332519531
2009-05-11 00:00:00,PNB,Entry,93.85,99950.25
2011-01-31 00:00:00,PNB,TSL hit,182.4889373779297,194350.71830749512
2014-04-21 00:00:00,PNB,Entry,151.141,194367.326
2015-03-23 00:00:00,PNB,TSL hit,140.0514831542969,180106.2073364258
2016-09-05 00:00:00,PNB,Entry,141.734,180002.18000000002
2017-09-25 00:00:00,PNB,TSL hit,126.273796081543,160367.7210235596
2017-10-23 00:00:00,PNB,Entry,192.42,160478.28
2018-02-12 00:00:00,PNB,Stoploss Hit,122.849,102456.066
2021-05-24 00:00:00,PNB,Entry,41.341,102442.998
2022-02-21 00:00:00,PNB,TSL hit,34.19813537597656,84742.97946166992
2009-07-20 00:00:00,WIPRO,Entry,90.97,99976.03
2011-08-15 00:00:00,WIPRO,TSL hit,107.9048690795898,118587.4511184692
2013-03-04 00:00:00,WIPRO,Entry,153.027,118595.92499999999
2013-04-22 00:00:00,WIPRO,TSL hit,113.4604949951172,87931.88362121583
2013-08-12 00:00:00,WIPRO,Entry,159.145,87848.04000000001
2016-02-08 00:00:00,WIPRO,TSL hit,188.5465698242188,104077.70654296878
2017-07-17 00:00:00,WIPRO,Entry,209.812,104066.75200000001
2018-04-30 00:00:00,WIPRO,TSL hit,198.6129608154297,98512.02856445312
2018-09-10 00:00:00,WIPRO,Entry,242.986,98409.33
2019-08-12 00:00:00,WIPRO,TSL hit,245.1974334716797,99304.96055603027
2020-07-20 00:00:00,WIPRO,Entry,267.279,99427.788
2022-01-24 00:00:00,WIPRO,TSL hit,547.59130859375,203703.966796875
2009-05-18 00:00:00,SHREECEM,Entry,957.04,99532.16
2010-07-19 00:00:00,SHREECEM,TSL hit,1724.6220703125,179360.6953125
2011-11-21 00:00:00,SHREECEM,Entry,1942.996,178755.632
2013-08-05 00:00:00,SHREECEM,TSL hit,3679.710205078125,338533.3388671875
2014-03-03 00:00:00,SHREECEM,Entry,4950.796,336654.128
2016-01-11 00:00:00,SHREECEM,TSL hit,9516.5224609375,647123.52734375
2016-04-11 00:00:00,SHREECEM,Entry,12413.378,645495.6560000001
2018-06-18 00:00:00,SHREECEM,TSL hit,15304.5888671875,795838.62109375
2019-04-01 00:00:00,SHREECEM,Entry,18844.881,791485.0020000001
2020-03-30 00:00:00,SHREECEM,TSL hit,15686.8037109375,658845.755859375
2020-11-30 00:00:00,SHREECEM,Entry,24759.756,643753.6560000001
2022-01-24 00:00:00,SHREECEM,TSL hit,24027.783203125,624722.36328125
2009-09-21 00:00:00,ZEEL,Entry,99.754,99953.508
2011-01-10 00:00:00,ZEEL,TSL hit,107.7551727294922,107970.68307495119
2012-06-25 00:00:00,ZEEL,Entry,136.475,107951.72499999999
2015-04-20 00:00:00,ZEEL,TSL hit,305.909423828125,241974.35424804688
2015-07-20 00:00:00,ZEEL,Entry,375.271,241674.524
2018-07-09 00:00:00,ZEEL,TSL hit,493.0696716308594,317536.86853027344
2021-09-13 00:00:00,ZEEL,Entry,255.45,317779.8
2022-06-13 00:00:00,ZEEL,TSL hit,214.8000030517578,267211.2037963867
2014-04-07 00:00:00,SUZLON,Entry,14.85,99999.9
2014-10-13 00:00:00,SUZLON,TSL hit,11.55000019073486,77777.70128440854
2017-03-13 00:00:00,SUZLON,Entry,18.9,77773.5
2017-08-07 00:00:00,SUZLON,TSL hit,15.25,62753.75
2020-06-29 00:00:00,SUZLON,Entry,5.8,62756.0
2020-08-10 00:00:00,SUZLON,Stoploss Hit,4.05,43821.0
2020-12-28 00:00:00,SUZLON,Entry,6.7,43818.0
2021-04-19 00:00:00,SUZLON,Stoploss Hit,4.5,29430.0
2021-06-21 00:00:00,SUZLON,Entry,7.75,29434.5
2022-06-20 00:00:00,SUZLON,TSL hit,7.199999809265137,27345.59927558899
2009-05-18 00:00:00,APOLLOHOSP,Entry,241.495,99978.93000000001
2013-05-13 00:00:00,APOLLOHOSP,Target Achivied,1027.043090820312,425195.8395996092
2014-06-30 00:00:00,APOLLOHOSP,Entry,1027.572,424387.236
2016-11-14 00:00:00,APOLLOHOSP,TSL hit,1174.834594726562,485206.68762207014
2018-11-12 00:00:00,APOLLOHOSP,Entry,1223.592,485766.02400000003
2021-08-30 00:00:00,APOLLOHOSP,Target Achivied,5014.5498046875,1990776.2724609375
2021-11-15 00:00:00,APOLLOHOSP,Entry,5588.6,1989541.6
2022-05-02 00:00:00,APOLLOHOSP,Stoploss Hit,3827.35,1362536.5999999999
2009-04-13 00:00:00,MARUTI,Entry,756.444,99850.608
2011-01-31 00:00:00,MARUTI,TSL hit,1078.260986328125,142330.4501953125
2012-02-13 00:00:00,MARUTI,Entry,1212.447,141856.299
2013-03-25 00:00:00,MARUTI,TSL hit,1182.914916992188,138401.045288086
2013-04-22 00:00:00,MARUTI,Entry,1544.797,137486.933
2016-02-01 00:00:00,MARUTI,TSL hit,3493.639892578125,310933.9504394531
2016-07-25 00:00:00,MARUTI,Entry,4464.022,308017.518
2018-09-17 00:00:00,MARUTI,TSL hit,7809.0654296875,538825.5146484375
2019-10-28 00:00:00,MARUTI,Entry,7502.893,540208.296
2020-03-09 00:00:00,MARUTI,TSL hit,5749.8896484375,413992.0546875
2020-11-30 00:00:00,MARUTI,Entry,7753.713,410946.789
2021-04-12 00:00:00,MARUTI,TSL hit,6605.9814453125,350117.0166015625
2021-11-15 00:00:00,MARUTI,Entry,8117.15,349037.45
2009-05-18 00:00:00,GAIL,Entry,55.324,99970.468
2011-11-14 00:00:00,GAIL,TSL hit,76.8908920288086,138941.84189605713
2014-01-13 00:00:00,GAIL,Entry,74.841,138904.89599999998
2015-04-20 00:00:00,GAIL,TSL hit,80.45984649658203,149333.47509765625
2016-06-13 00:00:00,GAIL,Entry,86.187,149362.071
2019-07-08 00:00:00,GAIL,TSL hit,124.6608810424805,216037.3068466187
2020-12-07 00:00:00,GAIL,Entry,113.701,216031.9
2021-11-22 00:00:00,GAIL,TSL hit,125.2776412963867,238027.51846313474
2022-03-28 00:00:00,GAIL,Entry,162.05,238051.45
2009-05-18 00:00:00,ACC,Entry,564.311,99883.047
2013-02-11 00:00:00,ACC,TSL hit,1051.861206054688,186179.43347167977
2014-03-17 00:00:00,ACC,Entry,1089.195,186252.345
2016-01-11 00:00:00,ACC,TSL hit,1086.312866210938,185759.5001220704
2016-05-23 00:00:00,ACC,Entry,1351.825,185200.025
2016-11-07 00:00:00,ACC,TSL hit,1251.239013671875,171419.74487304688
2017-07-10 00:00:00,ACC,Entry,1574.755,171648.295
2018-03-05 00:00:00,ACC,TSL hit,1383.2666015625,150776.0595703125
2019-03-25 00:00:00,ACC,Entry,1566.289,150363.744
2020-02-24 00:00:00,ACC,TSL hit,1241.572998046875,119191.0078125
2020-10-12 00:00:00,ACC,Entry,1507.633,119103.007
2022-02-21 00:00:00,ACC,TSL hit,2004.015991210938,158317.2633056641
2009-05-18 00:00:00,SBIN,Entry,148.344,99983.856
2011-05-16 00:00:00,SBIN,TSL hit,204.9043121337891,138105.50637817386
2012-12-24 00:00:00,SBIN,Entry,216.749,138069.11299999998
2013-07-15 00:00:00,SBIN,TSL hit,168.2204132080078,107156.40321350098
2014-05-05 00:00:00,SBIN,Entry,203.641,107115.166
2015-08-31 00:00:00,SBIN,TSL hit,214.8712615966797,113022.28359985352
2016-08-15 00:00:00,SBIN,Entry,249.939,112972.428
2017-09-18 00:00:00,SBIN,TSL hit,255.4677276611328,115471.41290283203
2017-10-23 00:00:00,SBIN,Entry,303.469,115318.22
2018-03-19 00:00:00,SBIN,TSL hit,229.0770263671875,87049.27001953125
2019-03-25 00:00:00,SBIN,Entry,312.932,87308.028
2019-09-30 00:00:00,SBIN,TSL hit,243.8577575683594,68036.31436157228
2021-02-01 00:00:00,SBIN,Entry,383.519,67882.863
2009-06-01 00:00:00,JINDALSTEL,Entry,372.117,99727.356
2011-07-25 00:00:00,JINDALSTEL,TSL hit,578.100830078125,154931.0224609375
2014-05-19 00:00:00,JINDALSTEL,Entry,298.588,154967.17200000002
2014-08-25 00:00:00,JINDALSTEL,TSL hit,232.4850769042969,120659.75491333009
2017-01-30 00:00:00,JINDALSTEL,Entry,91.098,120887.046
2018-07-16 00:00:00,JINDALSTEL,TSL hit,182.9946899414062,242833.953552246
2020-01-20 00:00:00,JINDALSTEL,Entry,188.532,242829.21600000001
2020-03-09 00:00:00,JINDALSTEL,Stoploss Hit,121.132,156018.016
2020-08-03 00:00:00,JINDALSTEL,Entry,198.959,155983.856
2022-06-13 00:00:00,JINDALSTEL,TSL hit,329.2000122070312,258092.80957031244
2009-06-01 00:00:00,IDFC,Entry,46.475,99967.725
2011-01-10 00:00:00,IDFC,TSL hit,55.75805282592773,119935.57162857054
2012-09-17 00:00:00,IDFC,Entry,59.563,119959.882
2013-06-24 00:00:00,IDFC,TSL hit,49.50094223022461,99694.89765167236
2014-05-19 00:00:00,IDFC,Entry,57.742,99662.692
2015-08-24 00:00:00,IDFC,TSL hit,56.69604110717773,97857.36695098875
2016-09-26 00:00:00,IDFC,Entry,59.355,97876.39499999999
2018-01-29 00:00:00,IDFC,TSL hit,46.52242660522461,76715.48147201538
2020-11-23 00:00:00,IDFC,Entry,41.11,76711.26
2021-08-16 00:00:00,IDFC,TSL hit,43.42145156860352,81024.42862701417
2021-11-08 00:00:00,IDFC,Entry,61.862,81039.22
2022-06-13 00:00:00,IDFC,TSL hit,44.70000076293945,58557.00099945068
2009-06-01 00:00:00,TATACONSUM,Entry,64.484,99950.2
2011-01-24 00:00:00,TATACONSUM,TSL hit,84.12157440185547,130388.44032287598
2012-01-30 00:00:00,TATACONSUM,Entry,102.941,130426.247
2015-06-08 00:00:00,TATACONSUM,TSL hit,115.5188980102539,146362.4437789917
2016-10-03 00:00:00,TATACONSUM,Entry,140.87,146363.93
2018-05-14 00:00:00,TATACONSUM,TSL hit,234.7635803222656,243919.35995483396
2019-06-24 00:00:00,TATACONSUM,Entry,264.06,243727.38
2021-12-13 00:00:00,TATACONSUM,TSL hit,720.5460815429688,665064.0332641602
2013-04-22 00:00:00,RCOM,Entry,92.874,99932.424
2014-02-17 00:00:00,RCOM,TSL hit,111.5,119974.0
2015-12-14 00:00:00,RCOM,Entry,83.25,119963.25
2016-02-01 00:00:00,RCOM,Stoploss Hit,57.65,83073.65
2020-07-06 00:00:00,RCOM,Entry,1.95,83151.9
2022-05-09 00:00:00,RCOM,TSL hit,2.450000047683716,104472.90203332901
2009-02-09 00:00:00,HINDPETRO,Entry,35.487,99966.879
2010-03-22 00:00:00,HINDPETRO,TSL hit,37.50373458862305,105648.02033615112
2010-06-28 00:00:00,HINDPETRO,Entry,57.471,105631.69799999999
2011-02-21 00:00:00,HINDPETRO,Stoploss Hit,38.651,71040.538
2013-01-14 00:00:00,HINDPETRO,Entry,47.817,71056.062
2013-06-10 00:00:00,HINDPETRO,TSL hit,34.56303405761719,51360.66860961914
2014-03-24 00:00:00,HINDPETRO,Entry,42.371,51353.652
2016-02-08 00:00:00,HINDPETRO,TSL hit,102.0656585693359,123703.5781860351
2016-05-23 00:00:00,HINDPETRO,Entry,141.479,123652.64600000001
2018-01-22 00:00:00,HINDPETRO,TSL hit,281.5986022949219,246117.17840576172
2019-05-20 00:00:00,HINDPETRO,Entry,238.815,245979.45
2020-02-24 00:00:00,HINDPETRO,Stoploss Hit,160.846,165671.38
2021-02-15 00:00:00,HINDPETRO,Entry,207.776,165805.24800000002
2022-05-09 00:00:00,HINDPETRO,TSL hit,258.1499938964844,206003.69512939453
2010-05-10 00:00:00,BAJAJFINSV,Entry,519.596,99762.432
2011-11-21 00:00:00,BAJAJFINSV,TSL hit,440.5624389648438,84587.98828125001
2012-02-20 00:00:00,BAJAJFINSV,Entry,563.535,84530.25
2013-04-29 00:00:00,BAJAJFINSV,TSL hit,723.4747314453125,108521.20971679688
2014-03-31 00:00:00,BAJAJFINSV,Entry,777.907,108129.073
2016-02-22 00:00:00,BAJAJFINSV,TSL hit,1596.44384765625,221905.69482421875
2016-06-13 00:00:00,BAJAJFINSV,Entry,2051.627,221575.716
2019-06-10 00:00:00,BAJAJFINSV,Target Achivied,8222.888671875,888071.9765625
2019-06-17 00:00:00,BAJAJFINSV,Entry,8379.954,888275.124
2020-03-09 00:00:00,BAJAJFINSV,TSL hit,7737.33642578125,820157.6611328125
2021-02-01 00:00:00,BAJAJFINSV,Entry,9716.344,816172.896
2022-05-02 00:00:00,BAJAJFINSV,TSL hit,13635.5888671875,1145389.46484375
2009-05-11 00:00:00,BANKBARODA,Entry,55.53,99954.0
2011-08-15 00:00:00,BANKBARODA,TSL hit,128.6035919189453,231486.46545410156
2012-12-17 00:00:00,BANKBARODA,Entry,149.258,231499.15800000002
2013-03-18 00:00:00,BANKBARODA,TSL hit,119.7194137573242,185684.81073760983
2014-03-24 00:00:00,BANKBARODA,Entry,136.187,185622.88100000002
2015-03-23 00:00:00,BANKBARODA,TSL hit,151.6513214111328,206700.75108337402
2017-01-30 00:00:00,BANKBARODA,Entry,179.699,206653.85
2017-08-07 00:00:00,BANKBARODA,TSL hit,138.0919189453125,158805.70678710938
2021-02-15 00:00:00,BANKBARODA,Entry,88.534,158918.53
2021-04-19 00:00:00,BANKBARODA,Stoploss Hit,61.11,109692.45
2021-10-18 00:00:00,BANKBARODA,Entry,91.786,109684.27
2009-11-30 00:00:00,DIVISLAB,Entry,297.838,99775.73000000001
2010-11-15 00:00:00,DIVISLAB,TSL hit,298.7626037597656,100085.47225952148
2011-06-27 00:00:00,DIVISLAB,Entry,358.772,100097.38799999999
2016-02-08 00:00:00,DIVISLAB,TSL hit,937.4551391601562,261549.9838256836
2016-08-15 00:00:00,DIVISLAB,Entry,1247.338,260693.642
2016-12-19 00:00:00,DIVISLAB,Stoploss Hit,826.601,172759.609
2017-12-18 00:00:00,DIVISLAB,Entry,1057.956,173504.78399999999
2021-05-31 00:00:00,DIVISLAB,Target Achivied,4244.2021484375,696049.15234375
2021-06-07 00:00:00,DIVISLAB,Entry,4316.804,695005.444
2021-12-20 00:00:00,DIVISLAB,TSL hit,4447.25,716007.25
2009-05-18 00:00:00,NTPC,Entry,112.197,99967.527
2010-11-22 00:00:00,NTPC,TSL hit,93.78931427001953,83566.2790145874
2012-02-13 00:00:00,NTPC,Entry,103.832,83584.76
2012-05-14 00:00:00,NTPC,TSL hit,80.09780883789062,64478.73611450195
2014-05-19 00:00:00,NTPC,Entry,94.896,64434.384
2015-08-17 00:00:00,NTPC,TSL hit,74.41316986083984,50526.542335510254
2016-04-18 00:00:00,NTPC,Entry,89.078,50507.226
2018-11-26 00:00:00,NTPC,TSL hit,93.32174682617188,52913.43045043945
2021-02-15 00:00:00,NTPC,Entry,95.987,52984.824
2009-05-25 00:00:00,EICHERMOT,Entry,24.224,99996.672
2010-08-23 00:00:00,EICHERMOT,Target Achivied,107.4555206298828,443576.3891601562
2010-08-30 00:00:00,EICHERMOT,Entry,109.389,443572.39499999996
2013-12-16 00:00:00,EICHERMOT,Target Achivied,448.9450988769531,1820472.375946045
2014-02-24 00:00:00,EICHERMOT,Entry,454.856,1820333.712
2015-07-06 00:00:00,EICHERMOT,Target Achivied,1853.342651367188,7417077.290771486
2015-07-13 00:00:00,EICHERMOT,Entry,1883.296,7416419.648
2015-11-09 00:00:00,EICHERMOT,TSL hit,1394.511108398438,5491584.744873049
2016-07-25 00:00:00,EICHERMOT,Entry,2015.679,5490709.596
2018-01-22 00:00:00,EICHERMOT,TSL hit,2388.026123046875,6504983.1591796875
2019-11-18 00:00:00,EICHERMOT,Entry,2243.524,6506219.6
2020-03-16 00:00:00,EICHERMOT,Stoploss Hit,1545.935,4483211.5
2020-11-09 00:00:00,EICHERMOT,Entry,2524.83,4481573.25
2021-11-22 00:00:00,EICHERMOT,TSL hit,2433.89990234375,4320172.326660156
2009-05-18 00:00:00,ULTRACEMCO,Entry,625.704,99486.93599999999
2010-06-28 00:00:00,ULTRACEMCO,TSL hit,836.3585205078125,132981.0047607422
2011-09-19 00:00:00,ULTRACEMCO,Entry,1122.671,132475.178
2013-08-05 00:00:00,ULTRACEMCO,TSL hit,1630.396484375,192386.78515625
2014-03-24 00:00:00,ULTRACEMCO,Entry,2093.863,192635.39599999998
2016-01-11 00:00:00,ULTRACEMCO,TSL hit,2570.22412109375,236460.619140625
2016-04-11 00:00:00,ULTRACEMCO,Entry,3213.712,234600.976
2016-12-12 00:00:00,ULTRACEMCO,TSL hit,3128.101318359375,228351.39624023438
2017-04-24 00:00:00,ULTRACEMCO,Entry,4182.697,230048.33500000002
2018-05-21 00:00:00,ULTRACEMCO,TSL hit,3633.60400390625,199848.22021484375
2018-08-27 00:00:00,ULTRACEMCO,Entry,4428.419,199278.85499999998
2018-10-22 00:00:00,ULTRACEMCO,TSL hit,3351.072998046875,150798.28491210938
2019-04-22 00:00:00,ULTRACEMCO,Entry,4561.455,150528.01499999998
2020-03-09 00:00:00,ULTRACEMCO,TSL hit,3758.64990234375,124035.44677734375
2020-11-09 00:00:00,ULTRACEMCO,Entry,4884.365,122109.125
2022-02-14 00:00:00,ULTRACEMCO,TSL hit,6916.60009765625,172915.00244140625
2009-05-18 00:00:00,ONGC,Entry,105.691,99983.686
2010-04-19 00:00:00,ONGC,TSL hit,105.6962432861328,99988.64614868163
2010-06-21 00:00:00,ONGC,Entry,131.188,99965.256
2011-01-17 00:00:00,ONGC,TSL hit,118.9440612792969,90635.37469482423
2012-06-25 00:00:00,ONGC,Entry,126.621,90660.636
2013-07-29 00:00:00,ONGC,TSL hit,128.5650024414062,92052.54174804683
2014-04-28 00:00:00,ONGC,Entry,157.207,91966.095
2014-12-01 00:00:00,ONGC,TSL hit,174.4911193847656,102077.30484008788
2016-09-05 00:00:00,ONGC,Entry,129.97,102156.42
2017-05-22 00:00:00,ONGC,TSL hit,138.1719818115234,108603.1777038574
2018-01-01 00:00:00,ONGC,Entry,159.308,108488.74799999999
2018-10-01 00:00:00,ONGC,TSL hit,120.4439392089844,82022.32260131837
2019-05-20 00:00:00,ONGC,Entry,149.038,82119.93800000001
2019-07-29 00:00:00,ONGC,TSL hit,114.8125381469727,63261.708518981955
2021-02-15 00:00:00,ONGC,Entry,97.085,63299.42
2022-06-20 00:00:00,ONGC,TSL hit,137.3500061035156,89552.20397949217
2009-06-08 00:00:00,DRREDDY,Entry,626.349,99589.49100000001
2011-08-15 00:00:00,DRREDDY,TSL hit,1283.726440429688,204112.50402832037
2012-02-27 00:00:00,DRREDDY,Entry,1524.627,204300.01799999998
2014-05-19 00:00:00,DRREDDY,TSL hit,2130.748779296875,285520.33642578125
2014-08-25 00:00:00,DRREDDY,Entry,2739.282,284885.32800000004
2015-11-23 00:00:00,DRREDDY,TSL hit,2895.484619140625,301130.400390625
2018-08-27 00:00:00,DRREDDY,Entry,2402.078,300259.75
2021-03-15 00:00:00,DRREDDY,TSL hit,4178.54638671875,522318.29833984375
2021-06-07 00:00:00,DRREDDY,Entry,5330.654,522404.09200000006
2022-01-24 00:00:00,DRREDDY,TSL hit,4161.951171875,407871.21484375
2009-05-25 00:00:00,NMDC,Entry,219.666,99948.03
2009-07-06 00:00:00,NMDC,Stoploss Hit,151.544,68952.52
2010-01-11 00:00:00,NMDC,Entry,235.44,68983.92
2010-03-22 00:00:00,NMDC,Stoploss Hit,147.052,43086.236
2014-01-13 00:00:00,NMDC,Entry,80.264,43101.768
2015-07-27 00:00:00,NMDC,TSL hit,61.35284423828125,32946.47735595703
2016-08-01 00:00:00,NMDC,Entry,70.669,32931.754
2017-06-19 00:00:00,NMDC,TSL hit,76.22709655761719,35521.82699584961
2018-01-01 00:00:00,NMDC,Entry,113.488,35521.744
2018-07-02 00:00:00,NMDC,Stoploss Hit,79.406,24854.078
2019-12-16 00:00:00,NMDC,Entry,100.564,24839.307999999997
2020-03-09 00:00:00,NMDC,Stoploss Hit,64.258,15871.725999999999
2021-01-04 00:00:00,NMDC,Entry,106.812,15808.176
2022-06-13 00:00:00,NMDC,TSL hit,108.5999984741211,16072.799774169922
2009-05-25 00:00:00,AXISBANK,Entry,142.196,99963.788
2011-08-15 00:00:00,AXISBANK,TSL hit,199.46142578125,140221.38232421875
2012-11-26 00:00:00,AXISBANK,Entry,249.966,140230.926
2013-07-22 00:00:00,AXISBANK,TSL hit,212.7692260742188,119363.53582763675
2014-04-21 00:00:00,AXISBANK,Entry,294.457,119255.08499999999
2015-08-31 00:00:00,AXISBANK,TSL hit,457.8865051269531,185444.03457641602
2016-08-01 00:00:00,AXISBANK,Entry,560.181,185419.91100000002
2016-12-05 00:00:00,AXISBANK,TSL hit,450.7127685546875,149185.92639160156
2017-11-06 00:00:00,AXISBANK,Entry,543.297,148863.378
2019-07-29 00:00:00,AXISBANK,TSL hit,672.8258056640625,184354.27075195312
2021-02-08 00:00:00,AXISBANK,Entry,749.26,184317.96
2021-11-15 00:00:00,AXISBANK,TSL hit,705.2764282226562,173498.00134277344
2009-06-22 00:00:00,HINDUNILVR,Entry,208.356,99802.52399999999
2010-02-01 00:00:00,HINDUNILVR,TSL hit,181.3240966796875,86854.24230957031
2010-09-13 00:00:00,HINDUNILVR,Entry,226.039,87025.015
2013-12-02 00:00:00,HINDUNILVR,TSL hit,482.7755737304688,185868.5958862305
2014-07-21 00:00:00,HINDUNILVR,Entry,579.363,185396.16000000003
2016-11-07 00:00:00,HINDUNILVR,TSL hit,733.0677490234375,234581.6796875
2017-04-24 00:00:00,HINDUNILVR,Entry,854.857,234230.818
2021-12-13 00:00:00,HINDUNILVR,TSL hit,2191.163330078125,600378.7524414062
2009-06-01 00:00:00,LT,Entry,555.063,99911.34
2011-01-10 00:00:00,LT,TSL hit,632.4818115234375,113846.72607421875
2012-09-10 00:00:00,LT,Entry,562.5,113625.0
2013-07-22 00:00:00,LT,TSL hit,478.9268493652344,96743.22357177734
2013-12-02 00:00:00,LT,Entry,630.61,96483.33
2015-08-31 00:00:00,LT,TSL hit,890.7393188476562,136283.1157836914
2017-03-27 00:00:00,LT,Entry,935.305,136554.53
2020-02-24 00:00:00,LT,TSL hit,1111.973754882812,162348.16821289057
2021-01-04 00:00:00,LT,Entry,1340.858,162243.818
2022-05-09 00:00:00,LT,TSL hit,1515.09765625,183326.81640625
2009-06-01 00:00:00,ADANIPORTS,Entry,116.273,99994.78
2011-11-21 00:00:00,ADANIPORTS,TSL hit,116.0904083251953,99837.75115966795
2013-01-28 00:00:00,ADANIPORTS,Entry,142.295,99748.795
2015-11-02 00:00:00,ADANIPORTS,TSL hit,274.3549499511719,192322.81991577148
2016-10-24 00:00:00,ADANIPORTS,Entry,296.82,192339.36
2018-03-19 00:00:00,ADANIPORTS,TSL hit,351.5381774902344,227796.73901367188
2019-05-20 00:00:00,ADANIPORTS,Entry,399.96,227577.24
2020-02-24 00:00:00,ADANIPORTS,TSL hit,333.7924499511719,189927.9040222168
2020-11-23 00:00:00,ADANIPORTS,Entry,405.875,189949.5
2009-05-04 00:00:00,LUPIN,Entry,144.768,99889.92
2012-12-24 00:00:00,LUPIN,Target Achivied,579.7405395507812,400020.97229003906
2013-03-18 00:00:00,LUPIN,Entry,592.97,399661.78
2016-03-14 00:00:00,LUPIN,TSL hit,1490.663452148438,1004707.1667480472
2020-04-20 00:00:00,LUPIN,Entry,861.474,1004478.684
2021-08-16 00:00:00,LUPIN,TSL hit,920.8713989257812,1073736.051147461
2009-06-08 00:00:00,ITC,Entry,47.476,99984.45599999999
2011-01-31 00:00:00,ITC,TSL hit,76.65145874023438,161427.9721069336
2011-03-28 00:00:00,ITC,Entry,91.431,161375.715
2015-03-16 00:00:00,ITC,TSL hit,174.2633819580078,307574.8691558838
2016-05-23 00:00:00,ITC,Entry,195.039,307576.50299999997
2016-11-14 00:00:00,ITC,TSL hit,186.5642852783203,294211.87788391113
2017-01-30 00:00:00,ITC,Entry,223.574,294223.384
2017-09-25 00:00:00,ITC,TSL hit,214.691650390625,282534.2119140625
2018-07-23 00:00:00,ITC,Entry,256.273,282412.846
2019-08-05 00:00:00,ITC,TSL hit,219.4432373046875,241826.44750976562
2021-02-01 00:00:00,ITC,Entry,212.71,241851.27000000002
2009-07-20 00:00:00,TECHM,Entry,161.088,99874.56
2010-04-19 00:00:00,TECHM,TSL hit,166.8799133300781,103465.54626464842
2011-07-25 00:00:00,TECHM,Entry,157.858,103554.848
2011-08-22 00:00:00,TECHM,TSL hit,125.2644348144531,82173.46923828124
2012-07-30 00:00:00,TECHM,Entry,155.745,82077.615
2015-04-20 00:00:00,TECHM,TSL hit,489.5626831054688,257999.53399658206
2017-11-20 00:00:00,TECHM,Entry,431.627,258112.946
2019-07-08 00:00:00,TECHM,TSL hit,594.8075561523438,355694.91857910156
2020-02-03 00:00:00,TECHM,Entry,752.492,355176.224
2020-03-09 00:00:00,TECHM,TSL hit,606.8509521484375,286433.6494140625
2020-09-28 00:00:00,TECHM,Entry,767.142,286911.108
2022-04-18 00:00:00,TECHM,TSL hit,1287.75537109375,481620.5087890625
2009-07-20 00:00:00,HCLTECH,Entry,46.146,99998.382
2011-08-08 00:00:00,HCLTECH,TSL hit,82.30535125732422,178355.69617462158
2012-04-23 00:00:00,HCLTECH,Entry,104.137,178282.544
2015-02-09 00:00:00,HCLTECH,Target Achivied,424.7681884765625,727203.138671875
2015-02-16 00:00:00,HCLTECH,Entry,426.431,727064.855
2016-04-25 00:00:00,HCLTECH,TSL hit,327.1966247558594,557870.2452087402
2017-01-09 00:00:00,HCLTECH,Entry,379.472,557823.84
2020-03-09 00:00:00,HCLTECH,TSL hit,456.9997863769531,671789.6859741211
2020-07-13 00:00:00,HCLTECH,Entry,577.763,671938.3690000001
2022-05-23 00:00:00,HCLTECH,TSL hit,992.7493286132812,1154567.469177246
2009-08-10 00:00:00,TATAMOTORS,Entry,86.628,99968.712
2011-05-30 00:00:00,TATAMOTORS,TSL hit,192.8560943603516,222555.93289184573
2012-01-30 00:00:00,TATAMOTORS,Entry,237.942,222475.77000000002
2015-06-01 00:00:00,TATAMOTORS,TSL hit,441.9210205078125,413196.1541748047
2016-05-30 00:00:00,TATAMOTORS,Entry,453.766,412927.06
2017-05-01 00:00:00,TATAMOTORS,TSL hit,419.6000061035156,381836.0055541992
2021-01-04 00:00:00,TATAMOTORS,Entry,198.15,382033.2
2009-06-01 00:00:00,GRASIM,Entry,346.674,99842.112
2010-05-24 00:00:00,GRASIM,TSL hit,258.402099609375,74419.8046875
2011-10-24 00:00:00,GRASIM,Entry,369.389,74247.189
2012-05-28 00:00:00,GRASIM,TSL hit,324.4490356445312,65214.25616455077
2012-07-30 00:00:00,GRASIM,Entry,420.505,65178.275
2013-03-25 00:00:00,GRASIM,TSL hit,410.3310852050781,63601.31820678711
2014-05-12 00:00:00,GRASIM,Entry,452.432,63792.912000000004
2016-02-22 00:00:00,GRASIM,TSL hit,493.8862915039062,69637.96710205077
2016-03-28 00:00:00,GRASIM,Entry,576.515,69758.315
2018-07-02 00:00:00,GRASIM,TSL hit,965.1640014648438,116784.8441772461
2020-11-09 00:00:00,GRASIM,Entry,836.367,116255.01299999999
2022-02-28 00:00:00,GRASIM,TSL hit,1477.599975585938,205386.39660644537
2009-06-29 00:00:00,TATAPOWER,Entry,87.869,99994.922
2010-02-22 00:00:00,TATAPOWER,TSL hit,90.7960433959961,103325.89738464355
2014-05-12 00:00:00,TATAPOWER,Entry,73.713,103271.91299999999
2015-03-23 00:00:00,TATAPOWER,TSL hit,61.47397994995117,86125.04590988159
2016-06-06 00:00:00,TATAPOWER,Entry,63.631,86156.374
2018-07-09 00:00:00,TATAPOWER,TSL hit,60.5774040222168,82021.80504608154
2020-11-23 00:00:00,TATAPOWER,Entry,63.592,82033.68
2022-04-04 00:00:00,TATAPOWER,Target Achivied,275.891845703125,355900.48095703125
2009-05-18 00:00:00,BAJAJ-AUTO,Entry,327.33,99835.65
2012-02-13 00:00:00,BAJAJ-AUTO,Target Achivied,1342.757446289062,409541.02111816395
2012-09-17 00:00:00,BAJAJ-AUTO,Entry,1379.168,409612.89599999995
2013-04-01 00:00:00,BAJAJ-AUTO,TSL hit,1303.070556640625,387011.9553222656
2014-06-09 00:00:00,BAJAJ-AUTO,Entry,1703.197,386625.719
2018-03-05 00:00:00,BAJAJ-AUTO,TSL hit,2508.195556640625,569360.3913574219
2019-10-14 00:00:00,BAJAJ-AUTO,Entry,2752.253,569716.371
2020-03-09 00:00:00,BAJAJ-AUTO,TSL hit,2195.838134765625,454538.4938964844
2020-11-23 00:00:00,BAJAJ-AUTO,Entry,2956.43,452333.79
2021-11-08 00:00:00,BAJAJ-AUTO,TSL hit,3503.46630859375,536030.3452148438
2009-08-03 00:00:00,KOTAKBANK,Entry,176.279,99950.193
2011-01-24 00:00:00,KOTAKBANK,TSL hit,188.3666381835938,106803.88385009769
2011-10-24 00:00:00,KOTAKBANK,Entry,253.569,106752.549
2015-08-31 00:00:00,KOTAKBANK,TSL hit,604.594482421875,254534.27709960938
2016-05-23 00:00:00,KOTAKBANK,Entry,740.461,253978.123
2016-12-12 00:00:00,KOTAKBANK,TSL hit,717.5399780273438,246116.2124633789
2017-03-06 00:00:00,KOTAKBANK,Entry,827.102,246476.39599999998
2018-09-24 00:00:00,KOTAKBANK,TSL hit,1140.418579101562,339844.7365722655
2019-04-29 00:00:00,KOTAKBANK,Entry,1416.333,339919.92000000004
2020-03-09 00:00:00,KOTAKBANK,TSL hit,1469.320434570312,352636.9042968749
2020-11-02 00:00:00,KOTAKBANK,Entry,1717.197,352025.38499999995
2021-07-26 00:00:00,KOTAKBANK,TSL hit,1653.978759765625,339065.6457519531
2021-09-13 00:00:00,KOTAKBANK,Entry,2007.95,339343.55
2009-07-27 00:00:00,UPL,Entry,96.678,99965.052
2010-12-13 00:00:00,UPL,TSL hit,92.62640380859375,95775.70153808594
2013-04-29 00:00:00,UPL,Entry,85.524,95786.88
2015-06-22 00:00:00,UPL,Target Achivied,342.4913940429688,383590.36132812506
2016-05-02 00:00:00,UPL,Entry,366.71,383578.66
2017-11-06 00:00:00,UPL,TSL hit,462.3173522949219,483583.9505004883
2019-02-04 00:00:00,UPL,Entry,517.193,483575.45499999996
2019-08-05 00:00:00,UPL,TSL hit,513.5465087890625,480165.98571777344
2021-03-01 00:00:00,UPL,Entry,576.393,480135.369
2022-02-21 00:00:00,UPL,TSL hit,645.6864624023438,537856.8231811523
2009-06-08 00:00:00,RELIANCE,Entry,528.608,99906.912
2010-08-23 00:00:00,RELIANCE,TSL hit,430.4947814941406,81363.51370239258
2012-12-31 00:00:00,RELIANCE,Entry,398.841,81363.564
2014-02-24 00:00:00,RELIANCE,TSL hit,374.3128051757812,76359.81225585936
2014-03-31 00:00:00,RELIANCE,Entry,441.834,76437.282
2014-12-08 00:00:00,RELIANCE,TSL hit,416.6267700195312,72076.43121337889
2015-07-13 00:00:00,RELIANCE,Entry,488.03,71740.40999999999
2019-07-29 00:00:00,RELIANCE,TSL hit,1158.67578125,170325.33984375
2019-10-14 00:00:00,RELIANCE,Entry,1393.32,169985.03999999998
2020-03-09 00:00:00,RELIANCE,TSL hit,1087.327514648438,132653.95678710943
2020-06-08 00:00:00,RELIANCE,Entry,1577.781,132533.604
2009-07-20 00:00:00,ASIANPAINT,Entry,117.295,99935.34
2011-02-21 00:00:00,ASIANPAINT,TSL hit,219.0330200195312,186616.13305664057
2011-05-16 00:00:00,ASIANPAINT,Entry,264.837,186445.248
2015-06-08 00:00:00,ASIANPAINT,TSL hit,669.3740234375,471239.3125
2015-07-27 00:00:00,ASIANPAINT,Entry,842.204,470792.03599999996
2016-11-14 00:00:00,ASIANPAINT,TSL hit,875.5521240234375,489433.63732910156
2017-08-28 00:00:00,ASIANPAINT,Entry,1174.234,489655.578
2022-02-28 00:00:00,ASIANPAINT,TSL hit,2722.4609375,1135266.2109375
2009-05-18 00:00:00,AMBUJACEM,Entry,69.657,99957.795
2011-02-07 00:00:00,AMBUJACEM,TSL hit,91.53482055664062,131352.4674987793
2011-04-25 00:00:00,AMBUJACEM,Entry,125.851,131388.444
2013-03-18 00:00:00,AMBUJACEM,TSL hit,145.8876953125,152306.75390625
2014-03-31 00:00:00,AMBUJACEM,Entry,172.307,152147.08099999998
2015-11-09 00:00:00,AMBUJACEM,TSL hit,164.6794281005859,145411.93501281735
2016-06-27 00:00:00,AMBUJACEM,Entry,217.564,145550.316
2016-11-07 00:00:00,AMBUJACEM,TSL hit,189.9577484130859,127081.73368835448
2017-07-31 00:00:00,AMBUJACEM,Entry,241.296,126921.696
2018-03-05 00:00:00,AMBUJACEM,TSL hit,205.9895172119141,108350.48605346681
2020-07-27 00:00:00,AMBUJACEM,Entry,200.941,108508.14
2022-02-14 00:00:00,AMBUJACEM,TSL hit,331.3022155761719,178903.1964111328
2009-06-08 00:00:00,INDUSINDBK,Entry,67.622,99945.316
2010-11-29 00:00:00,INDUSINDBK,Target Achivied,275.2726135253906,406852.92279052734
2012-01-23 00:00:00,INDUSINDBK,Entry,274.005,406897.425
2016-06-27 00:00:00,INDUSINDBK,Target Achivied,1099.145629882812,1632231.2603759759
2016-07-04 00:00:00,INDUSINDBK,Entry,1102.423,1631586.04
2018-09-17 00:00:00,INDUSINDBK,TSL hit,1744.580200195312,2581978.696289062
2021-09-13 00:00:00,INDUSINDBK,Entry,1130.0,2582050.0
2021-11-22 00:00:00,INDUSINDBK,TSL hit,901.7999877929688,2060612.9721069336
2009-04-20 00:00:00,CIPLA,Entry,224.786,99804.984
2011-03-07 00:00:00,CIPLA,TSL hit,280.6643371582031,124614.96569824219
2012-01-23 00:00:00,CIPLA,Entry,330.653,124656.18100000001
2013-12-09 00:00:00,CIPLA,TSL hit,364.4440612792969,137395.41110229492
2014-06-30 00:00:00,CIPLA,Entry,434.682,137359.51200000002
2015-06-08 00:00:00,CIPLA,TSL hit,565.2926635742188,178632.48168945312
2015-08-10 00:00:00,CIPLA,Entry,718.801,178262.64800000002
2016-01-18 00:00:00,CIPLA,TSL hit,567.1214599609375,140646.1220703125
2017-10-16 00:00:00,CIPLA,Entry,596.525,140779.9
2018-03-19 00:00:00,CIPLA,TSL hit,528.412841796875,124705.4306640625
2018-07-30 00:00:00,CIPLA,Entry,629.159,124573.482
2019-08-05 00:00:00,CIPLA,TSL hit,480.5934143066406,95157.49603271484
2020-04-06 00:00:00,CIPLA,Entry,576.42,95685.71999999999
2021-12-13 00:00:00,CIPLA,TSL hit,860.2000122070312,142793.2020263672
2022-03-07 00:00:00,CIPLA,Entry,1043.95,141977.2
2009-06-01 00:00:00,BAJFINANCE,Entry,15.791,99988.61200000001
2010-09-06 00:00:00,BAJFINANCE,Target Achivied,69.13516998291016,437763.8963317871
2010-09-13 00:00:00,BAJFINANCE,Entry,71.453,437721.07800000004
2013-08-05 00:00:00,BAJFINANCE,TSL hit,102.3433227539062,626955.1951904293
2013-12-16 00:00:00,BAJFINANCE,Entry,145.306,626995.39
2015-12-28 00:00:00,BAJFINANCE,Target Achivied,599.1948852539062,2585525.9298706055
2016-01-04 00:00:00,BAJFINANCE,Entry,620.687,2585161.355
2018-07-16 00:00:00,BAJFINANCE,Target Achivied,2696.16943359375,11229545.690917969
2018-08-06 00:00:00,BAJFINANCE,Entry,2782.463,11227238.205
2020-03-16 00:00:00,BAJFINANCE,TSL hit,2936.44580078125,11848558.806152344
2020-11-23 00:00:00,BAJFINANCE,Entry,4883.101,11846403.025999999
2022-05-09 00:00:00,BAJFINANCE,TSL hit,5495.7392578125,13332663.439453125
2009-09-07 00:00:00,SIEMENS,Entry,471.076,99868.11200000001
2011-11-14 00:00:00,SIEMENS,TSL hit,667.0192260742188,141408.07592773438
2014-03-03 00:00:00,SIEMENS,Entry,625.797,141430.122
2016-01-11 00:00:00,SIEMENS,TSL hit,997.2246704101562,225372.7755126953
2017-04-17 00:00:00,SIEMENS,Entry,1272.433,225220.641
2017-09-25 00:00:00,SIEMENS,TSL hit,1154.492309570312,204345.13879394523
2019-03-25 00:00:00,SIEMENS,Entry,1109.637,204173.20799999998
2020-03-09 00:00:00,SIEMENS,TSL hit,1204.50537109375,221628.98828125
2021-01-04 00:00:00,SIEMENS,Entry,1642.431,221728.185
2009-09-07 00:00:00,HINDALCO,Entry,111.211,99978.689
2011-06-13 00:00:00,HINDALCO,TSL hit,154.7567901611328,139126.3543548584
2014-03-03 00:00:00,HINDALCO,Entry,117.936,139046.544
2015-03-09 00:00:00,HINDALCO,TSL hit,125.4546813964844,147911.0693664551
2016-06-27 00:00:00,HINDALCO,Entry,120.464,147929.792
2018-03-05 00:00:00,HINDALCO,TSL hit,214.9715118408203,263985.01654052734
2019-12-30 00:00:00,HINDALCO,Entry,213.867,263911.87799999997
2020-02-24 00:00:00,HINDALCO,TSL hit,154.0397491455078,190085.05044555664
2020-11-16 00:00:00,HINDALCO,Entry,214.069,190093.272
2022-05-09 00:00:00,HINDALCO,TSL hit,388.0,344544.0
2019-07-22 00:00:00,HDFCLIFE,Entry,496.242,99744.642
2020-03-09 00:00:00,HDFCLIFE,TSL hit,504.2459716796875,101353.44030761719
2020-11-09 00:00:00,HDFCLIFE,Entry,632.458,101193.28
2021-12-20 00:00:00,HDFCLIFE,TSL hit,635.570556640625,101691.2890625
2012-10-01 00:00:00,RELCAPITAL,Entry,344.306,99848.73999999999
2013-03-18 00:00:00,RELCAPITAL,Stoploss Hit,238.632,69203.28
2014-05-12 00:00:00,RELCAPITAL,Entry,356.659,69191.846
2015-03-23 00:00:00,RELCAPITAL,TSL hit,337.8355712890625,65540.10083007812
2016-08-15 00:00:00,RELCAPITAL,Entry,386.01,65621.7
2017-11-13 00:00:00,RELCAPITAL,TSL hit,422.6076049804688,71843.2928466797
2021-03-08 00:00:00,RELCAPITAL,Entry,13.55,71923.40000000001
2009-04-13 00:00:00,BRITANNIA,Entry,126.17,99926.64
2014-07-28 00:00:00,BRITANNIA,Target Achivied,517.1887817382812,409613.51513671875
2014-08-11 00:00:00,BRITANNIA,Entry,535.838,409380.23199999996
2016-01-18 00:00:00,BRITANNIA,TSL hit,1183.49951171875,904193.626953125
2016-08-08 00:00:00,BRITANNIA,Entry,1496.71,904012.84
2019-04-29 00:00:00,BRITANNIA,TSL hit,2499.97607421875,1509985.548828125
2019-10-14 00:00:00,BRITANNIA,Entry,3033.172,1507486.484
2020-03-09 00:00:00,BRITANNIA,TSL hit,2577.359375,1280947.609375
2020-05-25 00:00:00,BRITANNIA,Entry,3186.061,1280796.522
2021-02-15 00:00:00,BRITANNIA,TSL hit,3209.4892578125,1290214.681640625
2021-08-16 00:00:00,BRITANNIA,Entry,3829.889,1290672.593
2022-03-07 00:00:00,BRITANNIA,TSL hit,3145.6416015625,1060081.2197265625
2014-09-01 00:00:00,IBULHSGFIN,Entry,282.133,99875.082
2018-01-22 00:00:00,IBULHSGFIN,Target Achivied,1159.438110351562,410441.09106445295
2018-07-30 00:00:00,IBULHSGFIN,Entry,1175.213,410149.337
2018-09-24 00:00:00,IBULHSGFIN,Stoploss Hit,736.581,257066.769
2021-05-31 00:00:00,IBULHSGFIN,Entry,261.35,257429.75000000003
2022-02-07 00:00:00,IBULHSGFIN,TSL hit,197.8500061035156,194882.25601196286
