Date,Nifty50
2008-01-01,6144.35009765625
2008-01-02,6179.39990234375
2008-01-03,6178.5498046875
2008-01-04,6274.2998046875
2008-01-07,6279.10009765625
2008-01-08,6287.85009765625
2008-01-09,6272.0
2008-01-10,6156.9501953125
2008-01-11,6200.10009765625
2008-01-14,6206.7998046875
2008-01-15,6074.25
2008-01-16,5935.75
2008-01-17,5913.2001953125
2008-01-18,5705.2998046875
2008-01-21,5208.7998046875
2008-01-22,4899.2998046875
2008-01-23,5203.39990234375
2008-01-24,5033.4501953125
2008-01-25,5383.35009765625
2008-01-28,5274.10009765625
2008-01-29,5280.7998046875
2008-01-30,5167.60009765625
2008-01-31,5137.4501953125
2008-02-01,5317.25
2008-02-04,5463.5
2008-02-05,5483.89990234375
2008-02-06,5322.5498046875
2008-02-07,5133.25
2008-02-08,5120.35009765625
2008-02-11,4857.0
2008-02-12,4838.25
2008-02-13,4929.4501953125
2008-02-14,5202.0
2008-02-15,5302.89990234375
2008-02-18,5276.89990234375
2008-02-19,5280.7998046875
2008-02-20,5154.4501953125
2008-02-21,5191.7998046875
2008-02-22,5110.75
2008-02-25,5200.7001953125
2008-02-26,5270.0498046875
2008-02-27,5268.39990234375
2008-02-28,5285.10009765625
2008-02-29,5223.5
2008-03-03,4953.0
2008-03-04,4864.25
2008-03-05,4921.39990234375
2008-03-07,4771.60009765625
2008-03-10,4800.39990234375
2008-03-11,4865.89990234375
2008-03-12,4872.0
2008-03-13,4623.60009765625
2008-03-14,4745.7998046875
2008-03-17,4503.10009765625
2008-03-18,4533.0
2008-03-19,4573.9501953125
2008-03-24,4609.85009765625
2008-03-25,4877.5
2008-03-26,4828.85009765625
2008-03-27,4830.25
2008-03-28,4942.0
2008-03-31,4734.5
2008-04-01,4739.5498046875
2008-04-02,4754.2001953125
2008-04-03,4771.60009765625
2008-04-04,4647.0
2008-04-07,4761.2001953125
2008-04-08,4709.64990234375
2008-04-09,4747.0498046875
2008-04-10,4733.0
2008-04-11,4777.7998046875
2008-04-15,4879.64990234375
2008-04-16,4887.2998046875
2008-04-17,4958.39990234375
2008-04-21,5037.0
2008-04-22,5049.2998046875
2008-04-23,5022.7998046875
2008-04-24,4999.85009765625
2008-04-25,5111.7001953125
2008-04-28,5089.64990234375
2008-04-29,5195.5
2008-04-30,5165.89990234375
2008-05-02,5228.2001953125
2008-05-05,5192.25
2008-05-06,5144.64990234375
2008-05-07,5135.5
2008-05-08,5081.7001953125
2008-05-09,4982.60009765625
2008-05-12,5012.64990234375
2008-05-13,4957.7998046875
2008-05-14,5011.75
2008-05-15,5115.25
2008-05-16,5157.7001953125
2008-05-20,5104.9501953125
2008-05-21,5117.64990234375
2008-05-22,5025.4501953125
2008-05-23,4946.5498046875
2008-05-26,4875.0498046875
2008-05-27,4859.7998046875
2008-05-28,4918.35009765625
2008-05-29,4835.2998046875
2008-05-30,4870.10009765625
2008-06-02,4739.60009765625
2008-06-03,4715.89990234375
2008-06-04,4585.60009765625
2008-06-05,4676.9501953125
2008-06-06,4627.7998046875
2008-06-09,4500.9501953125
2008-06-10,4449.7998046875
2008-06-11,4523.60009765625
2008-06-12,4539.35009765625
2008-06-13,4517.10009765625
2008-06-16,4572.5
2008-06-17,4653.0
2008-06-18,4582.39990234375
2008-06-19,4504.25
2008-06-20,4347.5498046875
2008-06-23,4266.39990234375
2008-06-24,4191.10009765625
2008-06-25,4252.64990234375
2008-06-26,4315.85009765625
2008-06-27,4136.64990234375
2008-06-30,4040.550048828125
2008-07-01,3896.75
2008-07-02,4093.35009765625
2008-07-03,3925.75
2008-07-04,4016.0
2008-07-07,4030.0
2008-07-08,3988.550048828125
2008-07-09,4157.10009765625
2008-07-10,4162.2001953125
2008-07-11,4049.0
2008-07-14,4039.699951171875
2008-07-15,3861.10009765625
2008-07-16,3816.699951171875
2008-07-17,3947.199951171875
2008-07-18,4092.25
2008-07-21,4159.5
2008-07-22,4240.10009765625
2008-07-23,4476.7998046875
2008-07-24,4433.5498046875
2008-07-25,4311.85009765625
2008-07-28,4332.10009765625
2008-07-29,4189.85009765625
2008-07-30,4313.5498046875
2008-07-31,4332.9501953125
2008-08-01,4413.5498046875
2008-08-04,4395.35009765625
2008-08-05,4502.85009765625
2008-08-06,4517.5498046875
2008-08-07,4523.85009765625
2008-08-08,4529.5
2008-08-11,4620.39990234375
2008-08-12,4552.25
2008-08-13,4529.0498046875
2008-08-14,4430.7001953125
2008-08-18,4393.0498046875
2008-08-19,4368.25
2008-08-20,4415.75
2008-08-21,4283.85009765625
2008-08-22,4327.4501953125
2008-08-25,4335.35009765625
2008-08-26,4337.5
2008-08-27,4292.10009765625
2008-08-28,4214.0
2008-08-29,4360.0
2008-09-01,4348.64990234375
2008-09-02,4504.0
2008-09-04,4447.75
2008-09-05,4352.2998046875
2008-09-08,4482.2998046875
2008-09-09,4468.7001953125
2008-09-10,4400.25
2008-09-11,4290.2998046875
2008-09-12,4228.4501953125
2008-09-15,4072.89990234375
2008-09-16,4074.89990234375
2008-09-17,4008.25
2008-09-18,4038.14990234375
2008-09-19,4245.25
2008-09-22,4223.0498046875
2008-09-23,4126.89990234375
2008-09-24,4161.25
2008-09-25,4110.5498046875
2008-09-26,3985.25
2008-09-29,3850.050048828125
2008-09-30,3921.199951171875
2008-10-01,3950.75
2008-10-03,3818.300048828125
2008-10-06,3602.35009765625
2008-10-07,3606.60009765625
2008-10-08,3513.64990234375
2008-10-10,3279.949951171875
2008-10-13,3490.699951171875
2008-10-14,3518.64990234375
2008-10-15,3338.39990234375
2008-10-16,3269.300048828125
2008-10-17,3074.35009765625
2008-10-20,3122.800048828125
2008-10-21,3234.89990234375
2008-10-22,3065.14990234375
2008-10-23,2943.14990234375
2008-10-24,2584.0
2008-10-27,2524.199951171875
2008-10-29,2697.050048828125
2008-10-31,2885.60009765625
2008-11-03,3043.85009765625
2008-11-04,3142.10009765625
2008-11-05,2994.949951171875
2008-11-06,2892.64990234375
2008-11-07,2973.0
2008-11-10,3148.25
2008-11-11,2938.64990234375
2008-11-12,2848.449951171875
2008-11-14,2810.35009765625
2008-11-17,2799.550048828125
2008-11-18,2683.14990234375
2008-11-19,2635.0
2008-11-20,2553.14990234375
2008-11-21,2693.449951171875
2008-11-24,2708.25
2008-11-25,2654.0
2008-11-26,2752.25
2008-11-28,2755.10009765625
2008-12-01,2682.89990234375
2008-12-02,2657.800048828125
2008-12-03,2656.449951171875
2008-12-04,2788.0
2008-12-05,2714.39990234375
2008-12-08,2784.0
2008-12-10,2928.25
2008-12-11,2920.14990234375
2008-12-12,2921.35009765625
2008-12-15,2981.199951171875
2008-12-16,3041.75
2008-12-17,2954.35009765625
2008-12-18,3060.75
2008-12-19,3077.5
2008-12-22,3039.300048828125
2008-12-23,2968.64990234375
2008-12-24,2916.85009765625
2008-12-26,2857.25
2008-12-29,2922.199951171875
2008-12-30,2979.5
2008-12-31,2959.14990234375
2009-01-02,3046.75
2009-01-05,3121.449951171875
2009-01-06,3112.800048828125
2009-01-07,2920.39990234375
2009-01-09,2873.0
2009-01-12,2773.10009765625
2009-01-13,2744.949951171875
2009-01-14,2835.300048828125
2009-01-15,2736.699951171875
2009-01-16,2828.449951171875
2009-01-19,2846.199951171875
2009-01-20,2796.60009765625
2009-01-21,2706.14990234375
2009-01-22,2713.800048828125
2009-01-23,2678.550048828125
2009-01-27,2771.35009765625
2009-01-28,2849.5
2009-01-29,2823.949951171875
2009-01-30,2874.800048828125
2009-02-02,2766.64990234375
2009-02-03,2783.89990234375
2009-02-04,2803.050048828125
2009-02-05,2780.050048828125
2009-02-06,2843.10009765625
2009-02-09,2919.89990234375
2009-02-10,2934.5
2009-02-11,2925.699951171875
2009-02-12,2893.050048828125
2009-02-13,2948.35009765625
2009-02-16,2848.5
2009-02-17,2770.5
2009-02-18,2776.14990234375
2009-02-19,2789.35009765625
2009-02-20,2736.449951171875
2009-02-24,2733.89990234375
2009-02-25,2762.5
2009-02-26,2785.64990234375
2009-02-27,2763.64990234375
2009-03-02,2674.60009765625
2009-03-03,2622.39990234375
2009-03-04,2645.199951171875
2009-03-05,2576.699951171875
2009-03-06,2620.14990234375
2009-03-09,2573.14990234375
2009-03-12,2617.449951171875
2009-03-13,2719.25
2009-03-16,2777.25
2009-03-17,2757.449951171875
2009-03-18,2794.699951171875
2009-03-19,2807.14990234375
2009-03-20,2807.050048828125
2009-03-23,2939.89990234375
2009-03-24,2938.699951171875
2009-03-25,2984.35009765625
2009-03-26,3082.25
2009-03-27,3108.64990234375
2009-03-30,2978.14990234375
2009-03-31,3020.949951171875
2009-04-01,3060.35009765625
2009-04-02,3211.050048828125
2009-04-06,3256.60009765625
2009-04-08,3342.949951171875
2009-04-09,3342.050048828125
2009-04-13,3382.60009765625
2009-04-15,3484.14990234375
2009-04-16,3369.5
2009-04-17,3384.39990234375
2009-04-20,3377.10009765625
2009-04-21,3365.300048828125
2009-04-22,3330.300048828125
2009-04-23,3423.699951171875
2009-04-24,3480.75
2009-04-27,3470.0
2009-04-28,3362.35009765625
2009-04-29,3473.949951171875
2009-05-04,3654.0
2009-05-05,3661.89990234375
2009-05-06,3625.050048828125
2009-05-07,3683.89990234375
2009-05-08,3620.699951171875
2009-05-11,3554.60009765625
2009-05-12,3681.10009765625
2009-05-13,3635.25
2009-05-14,3593.449951171875
2009-05-15,3671.64990234375
2009-05-18,4323.14990234375
2009-05-19,4318.4501953125
2009-05-20,4270.2998046875
2009-05-21,4210.89990234375
2009-05-22,4238.5
2009-05-25,4237.5498046875
2009-05-26,4116.7001953125
2009-05-27,4276.0498046875
2009-05-28,4337.10009765625
2009-05-29,4448.9501953125
2009-06-01,4529.89990234375
2009-06-02,4525.25
2009-06-03,4530.7001953125
2009-06-04,4572.64990234375
2009-06-05,4586.89990234375
2009-06-08,4429.89990234375
2009-06-09,4550.9501953125
2009-06-10,4655.25
2009-06-11,4637.7001953125
2009-06-12,4583.39990234375
2009-06-15,4484.0
2009-06-16,4517.7998046875
2009-06-17,4356.14990234375
2009-06-18,4251.39990234375
2009-06-19,4313.60009765625
2009-06-22,4235.25
2009-06-23,4247.0
2009-06-24,4292.9501953125
2009-06-25,4241.85009765625
2009-06-26,4375.5
2009-06-29,4390.9501953125
2009-06-30,4291.10009765625
2009-07-01,4340.89990234375
2009-07-02,4348.85009765625
2009-07-03,4424.25
2009-07-06,4165.7001953125
2009-07-07,4202.14990234375
2009-07-08,4078.89990234375
2009-07-09,4080.949951171875
2009-07-10,4003.89990234375
2009-07-13,3974.050048828125
2009-07-14,4111.39990234375
2009-07-15,4233.5
2009-07-16,4231.39990234375
2009-07-17,4374.9501953125
2009-07-20,4502.25
2009-07-21,4469.10009765625
2009-07-22,4398.89990234375
2009-07-23,4523.75
2009-07-24,4568.5498046875
2009-07-27,4572.2998046875
2009-07-28,4564.10009765625
2009-07-29,4513.5
2009-07-30,4571.4501953125
2009-07-31,4636.4501953125
2009-08-03,4711.39990234375
2009-08-04,4680.5
2009-08-05,4694.14990234375
2009-08-06,4585.5
2009-08-07,4481.39990234375
2009-08-10,4437.64990234375
2009-08-11,4471.35009765625
2009-08-12,4457.5
2009-08-13,4605.0
2009-08-14,4580.0498046875
2009-08-17,4387.89990234375
2009-08-18,4458.89990234375
2009-08-19,4394.10009765625
2009-08-20,4453.4501953125
2009-08-21,4528.7998046875
2009-08-24,4642.7998046875
2009-08-25,4659.35009765625
2009-08-26,4680.85009765625
2009-08-27,4688.2001953125
2009-08-28,4732.35009765625
2009-08-31,4662.10009765625
2009-09-01,4625.35009765625
2009-09-02,4608.35009765625
2009-09-03,4593.5498046875
2009-09-04,4680.39990234375
2009-09-07,4782.89990234375
2009-09-08,4805.25
2009-09-09,4814.25
2009-09-10,4819.39990234375
2009-09-11,4829.5498046875
2009-09-14,4808.60009765625
2009-09-15,4892.10009765625
2009-09-16,4958.39990234375
2009-09-17,4965.5498046875
2009-09-18,4976.0498046875
2009-09-22,5020.2001953125
2009-09-23,4969.9501953125
2009-09-24,4986.5498046875
2009-09-25,4958.9501953125
2009-09-29,5006.85009765625
2009-09-30,5083.9501953125
2009-10-01,5083.39990234375
2009-10-05,5003.2001953125
2009-10-06,5027.39990234375
2009-10-07,4985.75
2009-10-08,5002.25
2009-10-09,4945.2001953125
2009-10-12,5054.25
2009-10-14,5118.2001953125
2009-10-15,5108.85009765625
2009-10-16,5142.14990234375
2009-10-20,5114.4501953125
2009-10-21,5063.60009765625
2009-10-22,4988.60009765625
2009-10-23,4997.0498046875
2009-10-26,4970.89990234375
2009-10-27,4846.7001953125
2009-10-28,4826.14990234375
2009-10-29,4750.5498046875
2009-10-30,4711.7001953125
2009-11-03,4563.89990234375
2009-11-04,4710.7998046875
2009-11-05,4765.5498046875
2009-11-06,4796.14990234375
2009-11-09,4898.39990234375
2009-11-10,4881.7001953125
2009-11-11,5003.9501953125
2009-11-12,4952.64990234375
2009-11-13,4998.9501953125
2009-11-16,5058.0498046875
2009-11-17,5062.25
2009-11-18,5054.7001953125
2009-11-19,4989.0
2009-11-20,5052.4501953125
2009-11-23,5103.5498046875
2009-11-24,5090.5498046875
2009-11-25,5108.14990234375
2009-11-26,5005.5498046875
2009-11-27,4941.75
2009-11-30,5032.7001953125
2009-12-01,5122.0
2009-12-02,5123.25
2009-12-03,5131.7001953125
2009-12-04,5108.89990234375
2009-12-07,5066.7001953125
2009-12-08,5147.9501953125
2009-12-09,5112.0
2009-12-10,5134.64990234375
2009-12-11,5117.2998046875
2009-12-14,5105.7001953125
2009-12-15,5033.0498046875
2009-12-16,5042.0498046875
2009-12-17,5041.75
2009-12-18,4987.7001953125
2009-12-21,4952.60009765625
2009-12-22,4985.85009765625
2009-12-23,5144.60009765625
2009-12-24,5178.39990234375
2009-12-29,5187.9501953125
2009-12-30,5169.4501953125
2009-12-31,5201.0498046875
2010-01-04,5232.2001953125
2010-01-05,5277.89990234375
2010-01-06,5281.7998046875
2010-01-07,5263.10009765625
2010-01-08,5244.75
2010-01-11,5249.39990234375
2010-01-12,5210.39990234375
2010-01-13,5233.9501953125
2010-01-14,5259.89990234375
2010-01-15,5252.2001953125
2010-01-18,5274.85009765625
2010-01-19,5225.64990234375
2010-01-20,5221.7001953125
2010-01-21,5094.14990234375
2010-01-22,5036.0
2010-01-25,5007.89990234375
2010-01-27,4853.10009765625
2010-01-28,4867.25
2010-01-29,4882.0498046875
2010-02-01,4899.7001953125
2010-02-02,4830.10009765625
2010-02-03,4931.85009765625
2010-02-04,4845.35009765625
2010-02-05,4718.64990234375
2010-02-08,4760.39990234375
2010-02-09,4792.64990234375
2010-02-10,4757.2001953125
2010-02-11,4826.85009765625
2010-02-15,4801.9501953125
2010-02-16,4855.75
2010-02-17,4914.0
2010-02-18,4887.75
2010-02-19,4844.89990234375
2010-02-22,4856.39990234375
2010-02-23,4870.0498046875
2010-02-24,4858.60009765625
2010-02-25,4859.75
2010-02-26,4922.2998046875
2010-03-02,5017.0
2010-03-03,5088.10009765625
2010-03-04,5080.25
2010-03-05,5088.7001953125
2010-03-08,5124.0
2010-03-09,5101.5
2010-03-10,5116.25
2010-03-11,5133.39990234375
2010-03-12,5137.0
2010-03-15,5128.89990234375
2010-03-16,5198.10009765625
2010-03-17,5231.89990234375
2010-03-18,5245.89990234375
2010-03-19,5262.7998046875
2010-03-22,5205.2001953125
2010-03-23,5225.2998046875
2010-03-25,5260.39990234375
2010-03-26,5282.0
2010-03-29,5302.85009765625
2010-03-30,5262.4501953125
2010-03-31,5249.10009765625
2010-04-01,5290.5
2010-04-05,5368.39990234375
2010-04-06,5366.0
2010-04-07,5374.64990234375
2010-04-08,5304.4501953125
2010-04-09,5361.75
2010-04-12,5339.7001953125
2010-04-13,5322.9501953125
2010-04-15,5273.60009765625
2010-04-16,5262.60009765625
2010-04-19,5203.64990234375
2010-04-20,5230.10009765625
2010-04-21,5244.89990234375
2010-04-22,5269.35009765625
2010-04-23,5304.10009765625
2010-04-26,5322.4501953125
2010-04-27,5308.35009765625
2010-04-28,5215.4501953125
2010-04-29,5254.14990234375
2010-04-30,5278.0
2010-05-03,5222.75
2010-05-04,5148.5
2010-05-05,5124.89990234375
2010-05-06,5090.85009765625
2010-05-07,5018.0498046875
2010-05-10,5193.60009765625
2010-05-11,5136.14990234375
2010-05-12,5156.64990234375
2010-05-13,5178.89990234375
2010-05-14,5093.5
2010-05-17,5059.89990234375
2010-05-18,5066.2001953125
2010-05-19,4919.64990234375
2010-05-20,4947.60009765625
2010-05-21,4931.14990234375
2010-05-24,4943.9501953125
2010-05-25,4806.75
2010-05-26,4917.39990234375
2010-05-27,5003.10009765625
2010-05-28,5066.5498046875
2010-05-31,5086.2998046875
2010-06-01,4970.2001953125
2010-06-02,5019.85009765625
2010-06-03,5110.5
2010-06-04,5135.5
2010-06-07,5034.0
2010-06-08,4987.10009765625
2010-06-09,5000.2998046875
2010-06-10,5078.60009765625
2010-06-11,5119.35009765625
2010-06-14,5197.7001953125
2010-06-15,5222.35009765625
2010-06-16,5233.35009765625
2010-06-17,5274.85009765625
2010-06-18,5262.60009765625
2010-06-21,5353.2998046875
2010-06-22,5316.5498046875
2010-06-23,5323.14990234375
2010-06-24,5320.60009765625
2010-06-25,5269.0498046875
2010-06-28,5333.5
2010-06-29,5256.14990234375
2010-06-30,5312.5
2010-07-01,5251.39990234375
2010-07-02,5237.10009765625
2010-07-05,5235.89990234375
2010-07-06,5289.0498046875
2010-07-07,5241.10009765625
2010-07-08,5296.85009765625
2010-07-09,5352.4501953125
2010-07-12,5383.0
2010-07-13,5400.64990234375
2010-07-14,5386.14990234375
2010-07-15,5378.75
2010-07-16,5393.89990234375
2010-07-19,5386.4501953125
2010-07-20,5368.0
2010-07-21,5399.35009765625
2010-07-22,5441.9501953125
2010-07-23,5449.10009765625
2010-07-26,5418.60009765625
2010-07-27,5430.60009765625
2010-07-28,5397.5498046875
2010-07-29,5408.89990234375
2010-07-30,5367.60009765625
2010-08-02,5431.64990234375
2010-08-03,5439.5498046875
2010-08-04,5467.85009765625
2010-08-05,5447.10009765625
2010-08-06,5439.25
2010-08-09,5486.14990234375
2010-08-10,5460.7001953125
2010-08-11,5420.60009765625
2010-08-12,5416.4501953125
2010-08-13,5452.10009765625
2010-08-16,5418.2998046875
2010-08-17,5414.14990234375
2010-08-18,5479.14990234375
2010-08-19,5540.2001953125
2010-08-20,5530.64990234375
2010-08-23,5543.5
2010-08-24,5505.10009765625
2010-08-25,5462.35009765625
2010-08-26,5477.89990234375
2010-08-27,5408.7001953125
2010-08-30,5415.4501953125
2010-08-31,5402.39990234375
2010-09-01,5471.85009765625
2010-09-02,5486.14990234375
2010-09-03,5479.39990234375
2010-09-06,5576.9501953125
2010-09-07,5604.0
2010-09-08,5607.85009765625
2010-09-09,5640.0498046875
2010-09-13,5760.0
2010-09-14,5795.5498046875
2010-09-15,5860.9501953125
2010-09-16,5828.7001953125
2010-09-17,5884.9501953125
2010-09-20,5980.4501953125
2010-09-21,6009.0498046875
2010-09-22,5991.0
2010-09-23,5959.5498046875
2010-09-24,6018.2998046875
2010-09-27,6035.64990234375
2010-09-28,6029.5
2010-09-29,5991.2998046875
2010-09-30,6029.9501953125
2010-10-01,6143.39990234375
2010-10-04,6159.4501953125
2010-10-05,6145.7998046875
2010-10-06,6186.4501953125
2010-10-07,6120.2998046875
2010-10-08,6103.4501953125
2010-10-11,6135.85009765625
2010-10-12,6090.89990234375
2010-10-13,6233.89990234375
2010-10-14,6177.35009765625
2010-10-15,6062.64990234375
2010-10-18,6075.9501953125
2010-10-19,6027.2998046875
2010-10-20,5982.10009765625
2010-10-21,6101.5
2010-10-22,6066.0498046875
2010-10-25,6105.7998046875
2010-10-26,6082.0
2010-10-27,6012.64990234375
2010-10-28,5987.7001953125
2010-10-29,6017.7001953125
2010-11-01,6117.5498046875
2010-11-02,6119.0
2010-11-03,6160.5
2010-11-04,6281.7998046875
2010-11-08,6273.2001953125
2010-11-09,6301.5498046875
2010-11-10,6275.7001953125
2010-11-11,6194.25
2010-11-12,6071.64990234375
2010-11-15,6121.60009765625
2010-11-16,5988.7001953125
2010-11-18,5998.7998046875
2010-11-19,5890.2998046875
2010-11-22,6010.0
2010-11-23,5934.75
2010-11-24,5865.75
2010-11-25,5799.75
2010-11-26,5751.9501953125
2010-11-29,5830.0
2010-11-30,5862.7001953125
2010-12-01,5960.89990234375
2010-12-02,6011.7001953125
2010-12-03,5992.7998046875
2010-12-06,5992.25
2010-12-07,5976.5498046875
2010-12-08,5903.7001953125
2010-12-09,5766.5
2010-12-10,5857.35009765625
2010-12-13,5907.64990234375
2010-12-14,5944.10009765625
2010-12-15,5892.2998046875
2010-12-16,5948.75
2010-12-20,5947.0498046875
2010-12-21,6000.64990234375
2010-12-22,5984.39990234375
2010-12-23,5980.0
2010-12-24,6011.60009765625
2010-12-27,5998.10009765625
2010-12-28,5996.0
2010-12-29,6060.35009765625
2010-12-30,6101.85009765625
2010-12-31,6134.5
2011-01-03,6157.60009765625
2011-01-04,6146.35009765625
2011-01-05,6079.7998046875
2011-01-06,6048.25
2011-01-07,5904.60009765625
2011-01-10,5762.85009765625
2011-01-11,5754.10009765625
2011-01-12,5863.25
2011-01-13,5751.89990234375
2011-01-14,5654.5498046875
2011-01-17,5654.75
2011-01-18,5724.0498046875
2011-01-19,5691.0498046875
2011-01-20,5711.60009765625
2011-01-21,5696.5
2011-01-24,5743.25
2011-01-25,5687.39990234375
2011-01-27,5604.2998046875
2011-01-28,5512.14990234375
2011-01-31,5505.89990234375
2011-02-01,5417.2001953125
2011-02-02,5432.0
2011-02-03,5526.75
2011-02-04,5395.75
2011-02-07,5396.0
2011-02-08,5312.5498046875
2011-02-09,5253.5498046875
2011-02-10,5225.7998046875
2011-02-11,5310.0
2011-02-14,5456.0
2011-02-15,5481.0
2011-02-16,5481.7001953125
2011-02-17,5546.4501953125
2011-02-18,5458.9501953125
2011-02-21,5518.60009765625
2011-02-22,5469.2001953125
2011-02-23,5437.35009765625
2011-02-24,5262.7001953125
2011-02-25,5303.5498046875
2011-02-28,5333.25
2011-03-01,5522.2998046875
2011-03-03,5536.2001953125
2011-03-04,5538.75
2011-03-07,5463.14990234375
2011-03-08,5520.7998046875
2011-03-09,5531.0
2011-03-10,5494.39990234375
2011-03-11,5445.4501953125
2011-03-14,5531.5
2011-03-15,5449.64990234375
2011-03-16,5511.14990234375
2011-03-17,5446.64990234375
2011-03-18,5373.7001953125
2011-03-21,5364.75
2011-03-22,5413.85009765625
2011-03-23,5480.25
2011-03-24,5522.39990234375
2011-03-25,5654.25
2011-03-28,5687.25
2011-03-29,5736.35009765625
2011-03-30,5787.64990234375
2011-03-31,5833.75
2011-04-01,5826.0498046875
2011-04-04,5908.4501953125
2011-04-05,5910.0498046875
2011-04-06,5891.75
2011-04-07,5885.7001953125
2011-04-08,5842.0
2011-04-11,5785.7001953125
2011-04-13,5911.5
2011-04-15,5824.5498046875
2011-04-18,5729.10009765625
2011-04-19,5740.75
2011-04-20,5851.64990234375
2011-04-21,5884.7001953125
2011-04-25,5874.5
2011-04-26,5868.39990234375
2011-04-27,5833.89990234375
2011-04-28,5785.4501953125
2011-04-29,5749.5
2011-05-02,5701.2998046875
2011-05-03,5565.25
2011-05-04,5537.14990234375
2011-05-05,5459.85009765625
2011-05-06,5551.4501953125
2011-05-09,5551.10009765625
2011-05-10,5541.25
2011-05-11,5565.0498046875
2011-05-12,5486.14990234375
2011-05-13,5544.75
2011-05-16,5499.0
2011-05-17,5438.9501953125
2011-05-18,5420.60009765625
2011-05-19,5428.10009765625
2011-05-20,5486.35009765625
2011-05-23,5386.5498046875
2011-05-24,5394.85009765625
2011-05-25,5348.9501953125
2011-05-26,5412.35009765625
2011-05-27,5476.10009765625
2011-05-30,5473.10009765625
2011-06-01,5592.0
2011-06-02,5550.35009765625
2011-06-03,5516.75
2011-06-06,5532.0498046875
2011-06-07,5556.14990234375
2011-06-08,5526.85009765625
2011-06-09,5521.0498046875
2011-06-10,5485.7998046875
2011-06-13,5482.7998046875
2011-06-14,5500.5
2011-06-15,5447.5
2011-06-16,5396.75
2011-06-17,5366.39990234375
2011-06-20,5257.89990234375
2011-06-21,5275.85009765625
2011-06-22,5278.2998046875
2011-06-23,5320.0
2011-06-24,5471.25
2011-06-27,5526.60009765625
2011-06-28,5545.2998046875
2011-06-29,5600.4501953125
2011-06-30,5647.39990234375
2011-07-01,5627.2001953125
2011-07-04,5650.5
2011-07-05,5632.10009765625
2011-07-06,5625.4501953125
2011-07-07,5728.9501953125
2011-07-08,5660.64990234375
2011-07-11,5616.10009765625
2011-07-12,5526.14990234375
2011-07-13,5585.4501953125
2011-07-15,5581.10009765625
2011-07-18,5567.0498046875
2011-07-19,5613.5498046875
2011-07-20,5567.0498046875
2011-07-21,5541.60009765625
2011-07-22,5633.9501953125
2011-07-25,5680.2998046875
2011-07-26,5574.85009765625
2011-07-27,5546.7998046875
2011-07-28,5487.75
2011-07-29,5482.0
2011-08-01,5516.7998046875
2011-08-02,5456.5498046875
2011-08-03,5404.7998046875
2011-08-04,5331.7998046875
2011-08-05,5211.25
2011-08-08,5118.5
2011-08-09,5072.85009765625
2011-08-10,5161.0
2011-08-11,5138.2998046875
2011-08-12,5072.9501953125
2011-08-16,5035.7998046875
2011-08-17,5056.60009765625
2011-08-18,4944.14990234375
2011-08-19,4845.64990234375
2011-08-22,4898.7998046875
2011-08-23,4948.89990234375
2011-08-24,4888.89990234375
2011-08-25,4839.60009765625
2011-08-26,4747.7998046875
2011-08-29,4919.60009765625
2011-08-30,5001.0
2011-09-02,5040.0
2011-09-05,5017.2001953125
2011-09-06,5064.2998046875
2011-09-07,5124.64990234375
2011-09-08,5153.25
2011-09-09,5059.4501953125
2011-09-12,4946.7998046875
2011-09-13,4940.9501953125
2011-09-14,5012.5498046875
2011-09-15,5075.7001953125
2011-09-16,5084.25
2011-09-19,5031.9501953125
2011-09-20,5140.2001953125
2011-09-21,5133.25
2011-09-22,4923.64990234375
2011-09-23,4867.75
2011-09-26,4835.39990234375
2011-09-27,4971.25
2011-09-28,4945.89990234375
2011-09-29,5015.4501953125
2011-09-30,4943.25
2011-10-03,4849.5
2011-10-04,4772.14990234375
2011-10-05,4751.2998046875
2011-10-07,4888.0498046875
2011-10-10,4979.60009765625
2011-10-11,4974.35009765625
2011-10-12,5099.39990234375
2011-10-13,5077.85009765625
2011-10-14,5132.2998046875
2011-10-17,5118.25
2011-10-18,5037.5
2011-10-19,5139.14990234375
2011-10-20,5091.89990234375
2011-10-21,5049.9501953125
2011-10-24,5098.35009765625
2011-10-25,5191.60009765625
2011-10-28,5360.7001953125
2011-10-31,5326.60009765625
2011-11-01,5257.9501953125
2011-11-02,5258.4501953125
2011-11-03,5265.75
2011-11-04,5284.2001953125
2011-11-08,5289.35009765625
2011-11-09,5221.0498046875
2011-11-11,5168.85009765625
2011-11-14,5148.35009765625
2011-11-15,5068.5
2011-11-16,5030.4501953125
2011-11-17,4934.75
2011-11-18,4905.7998046875
2011-11-21,4778.35009765625
2011-11-22,4812.35009765625
2011-11-23,4706.4501953125
2011-11-25,4710.0498046875
2011-11-28,4851.2998046875
2011-11-29,4805.10009765625
2011-11-30,4832.0498046875
2011-12-01,4936.85009765625
2011-12-02,5050.14990234375
2011-12-05,5039.14990234375
2011-12-07,5062.60009765625
2011-12-08,4943.64990234375
2011-12-09,4866.7001953125
2011-12-12,4764.60009765625
2011-12-13,4800.60009765625
2011-12-14,4763.25
2011-12-15,4746.35009765625
2011-12-16,4651.60009765625
2011-12-19,4613.10009765625
2011-12-20,4544.2001953125
2011-12-21,4693.14990234375
2011-12-22,4733.85009765625
2011-12-23,4714.0
2011-12-27,4750.5
2011-12-28,4705.7998046875
2011-12-29,4646.25
2011-12-30,4624.2998046875
2012-01-03,4765.2998046875
2012-01-04,4749.64990234375
2012-01-05,4749.9501953125
2012-01-06,4754.10009765625
2012-01-09,4742.7998046875
2012-01-10,4849.5498046875
2012-01-11,4860.9501953125
2012-01-12,4831.25
2012-01-13,4866.0
2012-01-16,4873.89990234375
2012-01-17,4967.2998046875
2012-01-18,4955.7998046875
2012-01-19,5018.39990234375
2012-01-20,5048.60009765625
2012-01-23,5046.25
2012-01-24,5127.35009765625
2012-01-25,5158.2998046875
2012-01-27,5204.7001953125
2012-01-30,5087.2998046875
2012-01-31,5199.25
2012-02-01,5235.7001953125
2012-02-02,5269.89990234375
2012-02-03,5325.85009765625
2012-02-06,5361.64990234375
2012-02-07,5335.14990234375
2012-02-08,5368.14990234375
2012-02-09,5412.35009765625
2012-02-10,5381.60009765625
2012-02-13,5390.2001953125
2012-02-14,5416.0498046875
2012-02-15,5531.9501953125
2012-02-16,5521.9501953125
2012-02-17,5564.2998046875
2012-02-21,5607.14990234375
2012-02-22,5505.35009765625
2012-02-23,5483.2998046875
2012-02-24,5429.2998046875
2012-02-27,5281.2001953125
2012-02-28,5375.5
2012-02-29,5385.2001953125
2012-03-01,5339.75
2012-03-02,5359.35009765625
2012-03-05,5280.35009765625
2012-03-06,5222.39990234375
2012-03-07,5220.4501953125
2012-03-09,5333.5498046875
2012-03-12,5359.5498046875
2012-03-13,5429.5
2012-03-14,5463.89990234375
2012-03-15,5380.5
2012-03-16,5317.89990234375
2012-03-19,5257.0498046875
2012-03-20,5274.85009765625
2012-03-21,5364.9501953125
2012-03-22,5228.4501953125
2012-03-23,5278.2001953125
2012-03-26,5184.25
2012-03-27,5243.14990234375
2012-03-28,5194.75
2012-03-29,5178.85009765625
2012-03-30,5295.5498046875
2012-04-02,5317.89990234375
2012-04-03,5358.5
2012-04-04,5322.89990234375
2012-04-09,5234.39990234375
2012-04-10,5243.60009765625
2012-04-11,5226.85009765625
2012-04-12,5276.85009765625
2012-04-13,5207.4501953125
2012-04-16,5226.2001953125
2012-04-17,5289.7001953125
2012-04-18,5300.0
2012-04-19,5332.39990234375
2012-04-20,5290.85009765625
2012-04-23,5200.60009765625
2012-04-24,5222.64990234375
2012-04-25,5202.0
2012-04-26,5189.0
2012-04-27,5190.60009765625
2012-04-30,5248.14990234375
2012-05-02,5239.14990234375
2012-05-03,5188.39990234375
2012-05-04,5086.85009765625
2012-05-07,5114.14990234375
2012-05-08,4999.9501953125
2012-05-09,4974.7998046875
2012-05-10,4965.7001953125
2012-05-11,4928.89990234375
2012-05-14,4907.7998046875
2012-05-15,4942.7998046875
2012-05-16,4858.25
2012-05-17,4870.2001953125
2012-05-18,4891.4501953125
2012-05-22,4860.5
2012-05-23,4835.64990234375
2012-05-24,4921.39990234375
2012-05-25,4920.39990234375
2012-05-28,4985.64990234375
2012-05-29,4990.10009765625
2012-05-30,4950.75
2012-05-31,4924.25
2012-06-01,4841.60009765625
2012-06-04,4848.14990234375
2012-06-05,4863.2998046875
2012-06-06,4997.10009765625
2012-06-07,5049.64990234375
2012-06-08,5068.35009765625
2012-06-11,5054.10009765625
2012-06-12,5115.89990234375
2012-06-13,5121.4501953125
2012-06-14,5054.75
2012-06-15,5139.0498046875
2012-06-18,5064.25
2012-06-19,5103.85009765625
2012-06-20,5120.5498046875
2012-06-21,5165.0
2012-06-22,5146.0498046875
2012-06-25,5114.64990234375
2012-06-26,5120.7998046875
2012-06-27,5141.89990234375
2012-06-28,5149.14990234375
2012-06-29,5278.89990234375
2012-07-02,5278.60009765625
2012-07-03,5287.9501953125
2012-07-04,5302.5498046875
2012-07-05,5327.2998046875
2012-07-06,5316.9501953125
2012-07-09,5275.14990234375
2012-07-10,5345.35009765625
2012-07-11,5306.2998046875
2012-07-12,5235.25
2012-07-13,5227.25
2012-07-16,5197.25
2012-07-17,5192.85009765625
2012-07-18,5216.2998046875
2012-07-19,5242.7001953125
2012-07-20,5205.10009765625
2012-07-23,5117.9501953125
2012-07-24,5128.2001953125
2012-07-25,5109.60009765625
2012-07-26,5043.0
2012-07-27,5099.85009765625
2012-07-30,5199.7998046875
2012-07-31,5229.0
2012-08-01,5240.5
2012-08-02,5227.75
2012-08-03,5215.7001953125
2012-08-06,5282.5498046875
2012-08-07,5336.7001953125
2012-08-08,5338.0
2012-08-09,5322.9501953125
2012-08-10,5320.39990234375
2012-08-13,5347.89990234375
2012-08-14,5380.35009765625
2012-08-16,5362.9501953125
2012-08-17,5366.2998046875
2012-08-21,5421.0
2012-08-22,5412.85009765625
2012-08-23,5415.35009765625
2012-08-24,5386.7001953125
2012-08-27,5350.25
2012-08-29,5287.7998046875
2012-08-30,5315.0498046875
2012-08-31,5258.5
2012-09-03,5253.75
2012-09-04,5274.0
2012-09-05,5225.7001953125
2012-09-06,5238.39990234375
2012-09-07,5342.10009765625
2012-09-10,5363.4501953125
2012-09-11,5390.0
2012-09-12,5431.0
2012-09-13,5435.35009765625
2012-09-14,5577.64990234375
2012-09-17,5610.0
2012-09-18,5600.0498046875
2012-09-20,5554.25
2012-09-21,5691.14990234375
2012-09-24,5669.60009765625
2012-09-25,5673.89990234375
2012-09-26,5663.4501953125
2012-09-27,5649.5
2012-09-28,5703.2998046875
2012-10-01,5718.7998046875
2012-10-03,5731.25
2012-10-04,5787.60009765625
2012-10-05,5746.9501953125
2012-10-08,5676.0
2012-10-09,5704.60009765625
2012-10-10,5652.14990234375
2012-10-11,5708.0498046875
2012-10-12,5676.0498046875
2012-10-15,5687.25
2012-10-16,5648.0
2012-10-17,5660.25
2012-10-18,5718.7001953125
2012-10-19,5684.25
2012-10-22,5717.14990234375
2012-10-23,5691.39990234375
2012-10-25,5705.2998046875
2012-10-29,5665.60009765625
2012-10-30,5597.89990234375
2012-10-31,5619.7001953125
2012-11-01,5645.0498046875
2012-11-02,5697.7001953125
2012-11-05,5704.2001953125
2012-11-06,5724.39990234375
2012-11-07,5760.10009765625
2012-11-08,5738.75
2012-11-09,5686.25
2012-11-12,5683.7001953125
2012-11-15,5631.0
2012-11-16,5574.0498046875
2012-11-19,5571.39990234375
2012-11-20,5571.5498046875
2012-11-21,5614.7998046875
2012-11-22,5627.75
2012-11-23,5626.60009765625
2012-11-26,5635.89990234375
2012-11-27,5727.4501953125
2012-11-29,5825.0
2012-11-30,5879.85009765625
2012-12-03,5870.9501953125
2012-12-04,5889.25
2012-12-05,5900.5
2012-12-06,5930.89990234375
2012-12-07,5907.39990234375
2012-12-10,5908.89990234375
2012-12-11,5898.7998046875
2012-12-12,5888.0
2012-12-13,5851.5
2012-12-14,5879.60009765625
2012-12-17,5857.89990234375
2012-12-18,5896.7998046875
2012-12-19,5929.60009765625
2012-12-20,5916.39990234375
2012-12-21,5847.7001953125
2012-12-24,5855.75
2012-12-26,5905.60009765625
2012-12-27,5870.10009765625
2012-12-28,5908.35009765625
2012-12-31,5905.10009765625
2013-01-02,5993.25
2013-01-03,6009.5
2013-01-04,6016.14990234375
2013-01-07,5988.39990234375
2013-01-08,6001.7001953125
2013-01-09,5971.5
2013-01-10,5968.64990234375
2013-01-11,5951.2998046875
2013-01-14,6024.0498046875
2013-01-15,6056.60009765625
2013-01-16,6001.85009765625
2013-01-17,6039.2001953125
2013-01-18,6064.39990234375
2013-01-21,6082.2998046875
2013-01-22,6048.5
2013-01-23,6054.2998046875
2013-01-24,6019.35009765625
2013-01-25,6074.64990234375
2013-01-28,6074.7998046875
2013-01-29,6049.89990234375
2013-01-30,6055.75
2013-01-31,6034.75
2013-02-01,5998.89990234375
2013-02-04,5987.25
2013-02-05,5956.89990234375
2013-02-06,5959.2001953125
2013-02-07,5938.7998046875
2013-02-08,5903.5
2013-02-11,5897.85009765625
2013-02-12,5922.5
2013-02-13,5932.9501953125
2013-02-14,5896.9501953125
2013-02-15,5887.39990234375
2013-02-18,5898.2001953125
2013-02-19,5939.7001953125
2013-02-20,5943.0498046875
2013-02-21,5852.25
2013-02-22,5850.2998046875
2013-02-25,5854.75
2013-02-26,5761.35009765625
2013-02-27,5796.89990234375
2013-02-28,5693.0498046875
2013-03-01,5719.7001953125
2013-03-04,5698.5
2013-03-05,5784.25
2013-03-06,5818.60009765625
2013-03-07,5863.2998046875
2013-03-08,5945.7001953125
2013-03-11,5942.35009765625
2013-03-12,5914.10009765625
2013-03-13,5851.2001953125
2013-03-14,5908.9501953125
2013-03-15,5872.60009765625
2013-03-18,5835.25
2013-03-19,5745.9501953125
2013-03-20,5694.39990234375
2013-03-21,5658.75
2013-03-22,5651.35009765625
2013-03-25,5633.85009765625
2013-03-26,5641.60009765625
2013-03-28,5682.5498046875
2013-04-01,5704.39990234375
2013-04-02,5748.10009765625
2013-04-03,5672.89990234375
2013-04-04,5574.75
2013-04-05,5553.25
2013-04-08,5542.9501953125
2013-04-09,5495.10009765625
2013-04-10,5558.7001953125
2013-04-11,5594.0
2013-04-12,5528.5498046875
2013-04-15,5568.39990234375
2013-04-16,5688.9501953125
2013-04-17,5688.7001953125
2013-04-18,5783.10009765625
2013-04-22,5834.39990234375
2013-04-23,5836.89990234375
2013-04-25,5916.2998046875
2013-04-26,5871.4501953125
2013-04-29,5904.10009765625
2013-04-30,5930.2001953125
2013-05-02,5999.35009765625
2013-05-03,5944.0
2013-05-06,5971.0498046875
2013-05-07,6043.5498046875
2013-05-08,6069.2998046875
2013-05-09,6050.14990234375
2013-05-10,6094.75
2013-05-13,5980.4501953125
2013-05-14,5995.39990234375
2013-05-15,6146.75
2013-05-16,6169.89990234375
2013-05-17,6187.2998046875
2013-05-20,6156.89990234375
2013-05-21,6114.10009765625
2013-05-22,6094.5
2013-05-23,5967.0498046875
2013-05-24,5983.5498046875
2013-05-27,6083.14990234375
2013-05-28,6111.25
2013-05-29,6104.2998046875
2013-05-30,6124.0498046875
2013-05-31,5985.9501953125
2013-06-03,5939.2998046875
2013-06-04,5919.4501953125
2013-06-05,5923.85009765625
2013-06-06,5921.39990234375
2013-06-07,5881.0
2013-06-10,5878.0
2013-06-11,5788.7998046875
2013-06-12,5760.2001953125
2013-06-13,5699.10009765625
2013-06-14,5808.39990234375
2013-06-17,5850.0498046875
2013-06-18,5813.60009765625
2013-06-19,5822.25
2013-06-20,5655.89990234375
2013-06-21,5667.64990234375
2013-06-24,5590.25
2013-06-25,5609.10009765625
2013-06-26,5588.7001953125
2013-06-27,5682.35009765625
2013-06-28,5842.2001953125
2013-07-01,5898.85009765625
2013-07-02,5857.5498046875
2013-07-03,5770.89990234375
2013-07-04,5836.9501953125
2013-07-05,5867.89990234375
2013-07-08,5811.5498046875
2013-07-09,5859.0
2013-07-10,5816.7001953125
2013-07-11,5935.10009765625
2013-07-12,6009.0
2013-07-15,6030.7998046875
2013-07-16,5955.25
2013-07-17,5973.2998046875
2013-07-18,6038.0498046875
2013-07-19,6029.2001953125
2013-07-22,6031.7998046875
2013-07-23,6077.7998046875
2013-07-24,5990.5
2013-07-25,5907.5
2013-07-26,5886.2001953125
2013-07-29,5831.64990234375
2013-07-30,5755.0498046875
2013-07-31,5742.0
2013-08-01,5727.85009765625
2013-08-02,5677.89990234375
2013-08-05,5685.39990234375
2013-08-06,5542.25
2013-08-07,5519.10009765625
2013-08-08,5565.64990234375
2013-08-12,5612.39990234375
2013-08-13,5699.2998046875
2013-08-14,5742.2998046875
2013-08-16,5507.85009765625
2013-08-19,5414.75
2013-08-20,5401.4501953125
2013-08-21,5302.5498046875
2013-08-22,5408.4501953125
2013-08-23,5471.75
2013-08-26,5476.5
2013-08-27,5287.4501953125
2013-08-28,5285.0
2013-08-29,5409.0498046875
2013-08-30,5471.7998046875
2013-09-02,5550.75
2013-09-03,5341.4501953125
2013-09-04,5448.10009765625
2013-09-05,5592.9501953125
2013-09-06,5680.39990234375
2013-09-10,5896.75
2013-09-11,5913.14990234375
2013-09-12,5850.7001953125
2013-09-13,5850.60009765625
2013-09-16,5840.5498046875
2013-09-17,5850.2001953125
2013-09-18,5899.4501953125
2013-09-19,6115.5498046875
2013-09-20,6012.10009765625
2013-09-23,5889.75
2013-09-24,5892.4501953125
2013-09-25,5873.85009765625
2013-09-26,5882.25
2013-09-27,5833.2001953125
2013-09-30,5735.2998046875
2013-10-01,5780.0498046875
2013-10-03,5909.7001953125
2013-10-04,5907.2998046875
2013-10-07,5906.14990234375
2013-10-08,5928.39990234375
2013-10-09,6007.4501953125
2013-10-10,6020.9501953125
2013-10-11,6096.2001953125
2013-10-14,6112.7001953125
2013-10-15,6089.0498046875
2013-10-17,6045.85009765625
2013-10-18,6189.35009765625
2013-10-21,6204.9501953125
2013-10-22,6202.7998046875
2013-10-23,6178.35009765625
2013-10-24,6164.35009765625
2013-10-25,6144.89990234375
2013-10-28,6101.10009765625
2013-10-29,6220.89990234375
2013-10-30,6251.7001953125
2013-10-31,6299.14990234375
2013-11-01,6307.2001953125
2013-11-05,6253.14990234375
2013-11-06,6215.14990234375
2013-11-07,6187.25
2013-11-08,6140.75
2013-11-11,6078.7998046875
2013-11-12,6018.0498046875
2013-11-13,5989.60009765625
2013-11-14,6056.14990234375
2013-11-18,6189.0
2013-11-19,6203.35009765625
2013-11-20,6122.89990234375
2013-11-21,5999.0498046875
2013-11-22,5995.4501953125
2013-11-25,6115.35009765625
2013-11-26,6059.10009765625
2013-11-27,6057.10009765625
2013-11-28,6091.85009765625
2013-11-29,6176.10009765625
2013-12-02,6217.85009765625
2013-12-03,6201.85009765625
2013-12-04,6160.9501953125
2013-12-05,6241.10009765625
2013-12-06,6259.89990234375
2013-12-09,6363.89990234375
2013-12-10,6332.85009765625
2013-12-11,6307.89990234375
2013-12-12,6237.0498046875
2013-12-13,6168.39990234375
2013-12-16,6154.7001953125
2013-12-17,6139.0498046875
2013-12-18,6217.14990234375
2013-12-19,6166.64990234375
2013-12-20,6274.25
2013-12-23,6284.5
2013-12-24,6268.39990234375
2013-12-26,6278.89990234375
2013-12-27,6313.7998046875
2013-12-30,6291.10009765625
2013-12-31,6304.0
2014-01-02,6221.14990234375
2014-01-03,6211.14990234375
2014-01-06,6191.4501953125
2014-01-07,6162.25
2014-01-08,6174.60009765625
2014-01-09,6168.35009765625
2014-01-10,6171.4501953125
2014-01-13,6272.75
2014-01-14,6241.85009765625
2014-01-15,6320.89990234375
2014-01-16,6318.89990234375
2014-01-17,6261.64990234375
2014-01-20,6303.9501953125
2014-01-21,6313.7998046875
2014-01-22,6338.9501953125
2014-01-23,6345.64990234375
2014-01-24,6266.75
2014-01-27,6135.85009765625
2014-01-28,6126.25
2014-01-29,6120.25
2014-01-30,6073.7001953125
2014-01-31,6089.5
2014-02-03,6001.7998046875
2014-02-04,6000.89990234375
2014-02-05,6022.39990234375
2014-02-06,6036.2998046875
2014-02-07,6063.2001953125
2014-02-10,6053.4501953125
2014-02-11,6062.7001953125
2014-02-12,6084.0
2014-02-13,6001.10009765625
2014-02-14,6048.35009765625
2014-02-18,6127.10009765625
2014-02-19,6152.75
2014-02-20,6091.4501953125
2014-02-21,6155.4501953125
2014-02-24,6186.10009765625
2014-02-25,6200.0498046875
2014-02-26,6238.7998046875
2014-02-28,6276.9501953125
2014-03-03,6221.4501953125
2014-03-04,6297.9501953125
2014-03-05,6328.64990234375
2014-03-06,6401.14990234375
2014-03-07,6526.64990234375
2014-03-10,6537.25
2014-03-11,6511.89990234375
2014-03-12,6516.89990234375
2014-03-13,6493.10009765625
2014-03-14,6504.2001953125
2014-03-18,6516.64990234375
2014-03-19,6524.0498046875
2014-03-20,6483.10009765625
2014-03-21,6493.2001953125
2014-03-24,6583.5
2014-03-25,6589.75
2014-03-26,6601.39990234375
2014-03-27,6641.75
2014-03-28,6695.89990234375
2014-03-31,6704.2001953125
2014-04-01,6721.0498046875
2014-04-02,6752.5498046875
2014-04-03,6736.10009765625
2014-04-04,6694.35009765625
2014-04-07,6695.0498046875
2014-04-09,6796.2001953125
2014-04-10,6796.39990234375
2014-04-11,6776.2998046875
2014-04-15,6733.10009765625
2014-04-16,6675.2998046875
2014-04-17,6779.39990234375
2014-04-21,6817.64990234375
2014-04-22,6815.35009765625
2014-04-23,6840.7998046875
2014-04-25,6782.75
2014-04-28,6761.25
2014-04-29,6715.25
2014-04-30,6696.39990234375
2014-05-02,6694.7998046875
2014-05-05,6699.35009765625
2014-05-06,6715.2998046875
2014-05-07,6652.5498046875
2014-05-08,6659.85009765625
2014-05-09,6858.7998046875
2014-05-12,7014.25
2014-05-13,7108.75
2014-05-14,7108.75
2014-05-15,7123.14990234375
2014-05-16,7203.0
2014-05-19,7263.5498046875
2014-05-20,7275.5
2014-05-21,7252.89990234375
2014-05-22,7276.39990234375
2014-05-23,7367.10009765625
2014-05-26,7359.0498046875
2014-05-27,7318.0
2014-05-28,7329.64990234375
2014-05-29,7235.64990234375
2014-05-30,7229.9501953125
2014-06-02,7362.5
2014-06-03,7415.85009765625
2014-06-04,7402.25
2014-06-05,7474.10009765625
2014-06-06,7583.39990234375
2014-06-09,7654.60009765625
2014-06-10,7656.39990234375
2014-06-11,7626.85009765625
2014-06-12,7649.89990234375
2014-06-13,7542.10009765625
2014-06-16,7533.5498046875
2014-06-17,7631.7001953125
2014-06-18,7558.2001953125
2014-06-19,7540.7001953125
2014-06-20,7511.4501953125
2014-06-23,7493.35009765625
2014-06-24,7580.2001953125
2014-06-25,7569.25
2014-06-26,7493.2001953125
2014-06-27,7508.7998046875
2014-06-30,7611.35009765625
2014-07-01,7634.7001953125
2014-07-02,7725.14990234375
2014-07-03,7714.7998046875
2014-07-04,7751.60009765625
2014-07-07,7787.14990234375
2014-07-08,7623.2001953125
2014-07-09,7585.0
2014-07-10,7567.75
2014-07-11,7459.60009765625
2014-07-14,7454.14990234375
2014-07-15,7526.64990234375
2014-07-16,7624.39990234375
2014-07-17,7640.4501953125
2014-07-18,7663.89990234375
2014-07-21,7684.2001953125
2014-07-22,7767.85009765625
2014-07-23,7795.75
2014-07-24,7830.60009765625
2014-07-25,7790.4501953125
2014-07-28,7748.7001953125
2014-07-30,7791.39990234375
2014-07-31,7721.2998046875
2014-08-01,7602.60009765625
2014-08-04,7683.64990234375
2014-08-05,7746.5498046875
2014-08-06,7672.0498046875
2014-08-07,7649.25
2014-08-08,7568.5498046875
2014-08-11,7625.9501953125
2014-08-12,7727.0498046875
2014-08-13,7739.5498046875
2014-08-14,7791.7001953125
2014-08-18,7874.25
2014-08-19,7897.5
2014-08-20,7875.2998046875
2014-08-21,7891.10009765625
2014-08-22,7913.2001953125
2014-08-25,7906.2998046875
2014-08-26,7904.75
2014-08-27,7936.0498046875
2014-08-28,7954.35009765625
2014-09-01,8027.7001953125
2014-09-02,8083.0498046875
2014-09-03,8114.60009765625
2014-09-04,8095.9501953125
2014-09-05,8086.85009765625
2014-09-08,8173.89990234375
2014-09-09,8152.9501953125
2014-09-10,8094.10009765625
2014-09-11,8085.7001953125
2014-09-12,8105.5
2014-09-15,8042.0
2014-09-16,7932.89990234375
2014-09-17,7975.5
2014-09-18,8114.75
2014-09-19,8121.4501953125
2014-09-22,8146.2998046875
2014-09-23,8017.5498046875
2014-09-24,8002.39990234375
2014-09-25,7911.85009765625
2014-09-26,7968.85009765625
2014-09-29,7958.89990234375
2014-09-30,7964.7998046875
2014-10-01,7945.5498046875
2014-10-07,7852.39990234375
2014-10-08,7842.7001953125
2014-10-09,7960.5498046875
2014-10-10,7859.9501953125
2014-10-13,7884.25
2014-10-14,7864.0
2014-10-16,7748.2001953125
2014-10-17,7779.7001953125
2014-10-20,7879.39990234375
2014-10-21,7927.75
2014-10-22,7995.89990234375
2014-10-27,7991.7001953125
2014-10-28,8027.60009765625
2014-10-29,8090.4501953125
2014-10-30,8169.2001953125
2014-10-31,8322.2001953125
2014-11-03,8324.150390625
2014-11-05,8338.2998046875
2014-11-07,8337.0
2014-11-10,8344.25
2014-11-11,8362.650390625
2014-11-12,8383.2998046875
2014-11-13,8357.849609375
2014-11-14,8389.900390625
2014-11-17,8430.75
2014-11-18,8425.900390625
2014-11-19,8382.2998046875
2014-11-20,8401.900390625
2014-11-21,8477.349609375
2014-11-24,8530.150390625
2014-11-25,8463.099609375
2014-11-26,8475.75
2014-11-27,8494.2001953125
2014-11-28,8588.25
2014-12-01,8555.900390625
2014-12-02,8524.7001953125
2014-12-03,8537.650390625
2014-12-04,8564.400390625
2014-12-05,8538.2998046875
2014-12-08,8438.25
2014-12-09,8340.7001953125
2014-12-10,8355.650390625
2014-12-11,8292.900390625
2014-12-12,8224.099609375
2014-12-15,8219.599609375
2014-12-16,8067.60009765625
2014-12-17,8029.7998046875
2014-12-18,8159.2998046875
2014-12-19,8225.2001953125
2014-12-22,8324.0
2014-12-23,8267.0
2014-12-24,8174.10009765625
2014-12-26,8200.7001953125
2014-12-29,8246.2998046875
2014-12-30,8248.25
2014-12-31,8282.7001953125
2015-01-02,8395.4501953125
2015-01-05,8378.400390625
2015-01-06,8127.35009765625
2015-01-07,8102.10009765625
2015-01-08,8234.599609375
2015-01-09,8284.5
2015-01-12,8323.0
2015-01-13,8299.400390625
2015-01-14,8277.5498046875
2015-01-15,8494.150390625
2015-01-16,8513.7998046875
2015-01-19,8550.7001953125
2015-01-20,8695.599609375
2015-01-21,8729.5
2015-01-22,8761.400390625
2015-01-23,8835.599609375
2015-01-27,8910.5
2015-01-28,8914.2998046875
2015-01-29,8952.349609375
2015-01-30,8808.900390625
2015-02-02,8797.400390625
2015-02-03,8756.5498046875
2015-02-04,8723.7001953125
2015-02-05,8711.7001953125
2015-02-06,8661.0498046875
2015-02-09,8526.349609375
2015-02-10,8565.5498046875
2015-02-11,8627.400390625
2015-02-12,8711.5498046875
2015-02-13,8805.5
2015-02-16,8809.349609375
2015-02-18,8869.099609375
2015-02-19,8895.2998046875
2015-02-20,8833.599609375
2015-02-23,8754.9501953125
2015-02-24,8762.099609375
2015-02-25,8767.25
2015-02-26,8683.849609375
2015-02-27,8844.599609375
2015-03-02,8956.75
2015-03-03,8996.25
2015-03-04,8922.650390625
2015-03-05,8937.75
2015-03-09,8756.75
2015-03-10,8712.0498046875
2015-03-11,8699.9501953125
2015-03-12,8776.0
2015-03-13,8647.75
2015-03-16,8633.150390625
2015-03-17,8723.2998046875
2015-03-18,8685.900390625
2015-03-19,8634.650390625
2015-03-20,8570.900390625
2015-03-23,8550.900390625
2015-03-24,8542.9501953125
2015-03-25,8530.7998046875
2015-03-26,8342.150390625
2015-03-27,8341.400390625
2015-03-30,8492.2998046875
2015-03-31,8491.0
2015-04-01,8586.25
2015-04-06,8659.900390625
2015-04-07,8660.2998046875
2015-04-08,8714.400390625
2015-04-09,8778.2998046875
2015-04-10,8780.349609375
2015-04-13,8834.0
2015-04-16,8706.7001953125
2015-04-17,8606.0
2015-04-20,8448.099609375
2015-04-21,8377.75
2015-04-22,8429.7001953125
2015-04-23,8398.2998046875
2015-04-24,8305.25
2015-04-27,8213.7998046875
2015-04-28,8285.599609375
2015-04-29,8239.75
2015-04-30,8181.5
2015-05-04,8331.9501953125
2015-05-05,8324.7998046875
2015-05-06,8097.0
2015-05-07,8057.2998046875
2015-05-08,8191.5
2015-05-11,8325.25
2015-05-12,8126.9501953125
2015-05-13,8235.4501953125
2015-05-14,8224.2001953125
2015-05-15,8262.349609375
2015-05-18,8373.650390625
2015-05-19,8365.650390625
2015-05-20,8423.25
2015-05-21,8421.0
2015-05-22,8458.9501953125
2015-05-25,8370.25
2015-05-26,8339.349609375
2015-05-27,8334.599609375
2015-05-28,8319.0
2015-05-29,8433.650390625
2015-06-01,8433.400390625
2015-06-02,8236.4501953125
2015-06-03,8135.10009765625
2015-06-04,8130.64990234375
2015-06-05,8114.7001953125
2015-06-08,8044.14990234375
2015-06-09,8022.39990234375
2015-06-10,8124.4501953125
2015-06-11,7965.35009765625
2015-06-12,7982.89990234375
2015-06-15,8013.89990234375
2015-06-16,8047.2998046875
2015-06-17,8091.5498046875
2015-06-18,8174.60009765625
2015-06-19,8224.9501953125
2015-06-22,8353.099609375
2015-06-23,8381.5498046875
2015-06-24,8360.849609375
2015-06-25,8398.0
2015-06-26,8381.099609375
2015-06-29,8318.400390625
2015-06-30,8368.5
2015-07-01,8453.0498046875
2015-07-02,8444.900390625
2015-07-03,8484.900390625
2015-07-06,8522.150390625
2015-07-07,8510.7998046875
2015-07-08,8363.0498046875
2015-07-09,8328.5498046875
2015-07-10,8360.5498046875
2015-07-13,8459.650390625
2015-07-14,8454.099609375
2015-07-15,8523.7998046875
2015-07-16,8608.0498046875
2015-07-17,8609.849609375
2015-07-20,8603.4501953125
2015-07-21,8529.4501953125
2015-07-22,8633.5
2015-07-23,8589.7998046875
2015-07-24,8521.5498046875
2015-07-27,8361.0
2015-07-28,8337.0
2015-07-29,8375.0498046875
2015-07-30,8421.7998046875
2015-07-31,8532.849609375
2015-08-03,8543.0498046875
2015-08-04,8516.900390625
2015-08-05,8567.9501953125
2015-08-06,8588.650390625
2015-08-07,8564.599609375
2015-08-10,8525.599609375
2015-08-11,8462.349609375
2015-08-12,8349.4501953125
2015-08-13,8355.849609375
2015-08-14,8518.5498046875
2015-08-17,8477.2998046875
2015-08-18,8466.5498046875
2015-08-19,8495.150390625
2015-08-20,8372.75
2015-08-21,8299.9501953125
2015-08-24,7809.0
2015-08-25,7880.7001953125
2015-08-26,7791.85009765625
2015-08-27,7948.9501953125
2015-08-28,8001.9501953125
2015-08-31,7971.2998046875
2015-09-01,7785.85009765625
2015-09-02,7717.0
2015-09-03,7823.0
2015-09-04,7655.0498046875
2015-09-07,7558.7998046875
2015-09-08,7688.25
2015-09-09,7818.60009765625
2015-09-10,7788.10009765625
2015-09-11,7789.2998046875
2015-09-14,7872.25
2015-09-15,7829.10009765625
2015-09-16,7899.14990234375
2015-09-18,7981.89990234375
2015-09-21,7977.10009765625
2015-09-22,7812.0
2015-09-23,7845.9501953125
2015-09-24,7868.5
2015-09-28,7795.7001953125
2015-09-29,7843.2998046875
2015-09-30,7948.89990234375
2015-10-01,7950.89990234375
2015-10-05,8119.2998046875
2015-10-06,8152.89990234375
2015-10-07,8177.39990234375
2015-10-08,8129.35009765625
2015-10-09,8189.7001953125
2015-10-12,8143.60009765625
2015-10-13,8131.7001953125
2015-10-14,8107.89990234375
2015-10-15,8179.5
2015-10-16,8238.150390625
2015-10-19,8275.0498046875
2015-10-20,8261.650390625
2015-10-21,8251.7001953125
2015-10-23,8295.4501953125
2015-10-26,8260.5498046875
2015-10-27,8232.900390625
2015-10-28,8171.2001953125
2015-10-29,8111.75
2015-10-30,8065.7998046875
2015-11-02,8050.7998046875
2015-11-03,8060.7001953125
2015-11-04,8040.2001953125
2015-11-05,7955.4501953125
2015-11-06,7954.2998046875
2015-11-09,7915.2001953125
2015-11-10,7783.35009765625
2015-11-13,7762.25
2015-11-16,7806.60009765625
2015-11-17,7837.5498046875
2015-11-18,7731.7998046875
2015-11-19,7842.75
2015-11-20,7856.5498046875
2015-11-23,7849.25
2015-11-24,7831.60009765625
2015-11-26,7883.7998046875
2015-11-27,7942.7001953125
2015-11-30,7935.25
2015-12-01,7954.89990234375
2015-12-02,7931.35009765625
2015-12-03,7864.14990234375
2015-12-04,7781.89990234375
2015-12-07,7765.39990234375
2015-12-08,7701.7001953125
2015-12-09,7612.5
2015-12-10,7683.2998046875
2015-12-11,7610.4501953125
2015-12-14,7650.0498046875
2015-12-15,7700.89990234375
2015-12-16,7750.89990234375
2015-12-17,7844.35009765625
2015-12-18,7761.9501953125
2015-12-21,7834.4501953125
2015-12-22,7786.10009765625
2015-12-23,7865.9501953125
2015-12-24,7861.0498046875
2015-12-28,7925.14990234375
2015-12-29,7928.9501953125
2015-12-30,7896.25
2015-12-31,7946.35009765625
2016-01-04,7791.2998046875
2016-01-05,7784.64990234375
2016-01-06,7741.0
2016-01-07,7568.2998046875
2016-01-08,7601.35009765625
2016-01-11,7563.85009765625
2016-01-12,7510.2998046875
2016-01-13,7562.39990234375
2016-01-14,7536.7998046875
2016-01-15,7437.7998046875
2016-01-18,7351.0
2016-01-19,7435.10009765625
2016-01-20,7309.2998046875
2016-01-21,7276.7998046875
2016-01-22,7422.4501953125
2016-01-25,7436.14990234375
2016-01-27,7437.75
2016-01-28,7424.64990234375
2016-01-29,7563.5498046875
2016-02-01,7555.9501953125
2016-02-02,7455.5498046875
2016-02-03,7361.7998046875
2016-02-04,7404.0
2016-02-05,7489.10009765625
2016-02-08,7387.25
2016-02-09,7298.2001953125
2016-02-10,7215.7001953125
2016-02-11,6976.35009765625
2016-02-12,6980.9501953125
2016-02-15,7162.9501953125
2016-02-16,7048.25
2016-02-17,7108.4501953125
2016-02-18,7191.75
2016-02-19,7210.75
2016-02-22,7234.5498046875
2016-02-23,7109.5498046875
2016-02-24,7018.7001953125
2016-02-25,6970.60009765625
2016-02-26,7029.75
2016-02-29,6987.0498046875
2016-03-01,7222.2998046875
2016-03-02,7368.85009765625
2016-03-03,7475.60009765625
2016-03-04,7485.35009765625
2016-03-08,7485.2998046875
2016-03-09,7531.7998046875
2016-03-10,7486.14990234375
2016-03-11,7510.2001953125
2016-03-14,7538.75
2016-03-15,7460.60009765625
2016-03-16,7498.75
2016-03-17,7512.5498046875
2016-03-18,7604.35009765625
2016-03-21,7704.25
2016-03-22,7714.89990234375
2016-03-23,7716.5
2016-03-28,7615.10009765625
2016-03-29,7597.0
2016-03-30,7735.2001953125
2016-03-31,7738.39990234375
2016-04-01,7713.0498046875
2016-04-04,7758.7998046875
2016-04-05,7603.2001953125
2016-04-06,7614.35009765625
2016-04-07,7546.4501953125
2016-04-08,7555.2001953125
2016-04-11,7671.39990234375
2016-04-12,7708.9501953125
2016-04-13,7850.4501953125
2016-04-18,7914.7001953125
2016-04-20,7914.75
2016-04-21,7912.0498046875
2016-04-22,7899.2998046875
2016-04-25,7855.0498046875
2016-04-26,7962.64990234375
2016-04-27,7979.89990234375
2016-04-28,7847.25
2016-04-29,7849.7998046875
2016-05-02,7805.89990234375
2016-05-03,7747.0
2016-05-04,7706.5498046875
2016-05-05,7735.5
2016-05-06,7733.4501953125
2016-05-09,7866.0498046875
2016-05-10,7887.7998046875
2016-05-11,7848.85009765625
2016-05-12,7900.39990234375
2016-05-13,7814.89990234375
2016-05-16,7860.75
2016-05-17,7890.75
2016-05-18,7870.14990234375
2016-05-19,7783.39990234375
2016-05-20,7749.7001953125
2016-05-23,7731.0498046875
2016-05-24,7748.85009765625
2016-05-25,7934.89990234375
2016-05-26,8069.64990234375
2016-05-27,8156.64990234375
2016-05-30,8178.5
2016-05-31,8160.10009765625
2016-06-01,8179.9501953125
2016-06-02,8218.9501953125
2016-06-03,8220.7998046875
2016-06-06,8201.0498046875
2016-06-07,8266.4501953125
2016-06-08,8273.0498046875
2016-06-09,8203.599609375
2016-06-10,8170.0498046875
2016-06-13,8110.60009765625
2016-06-14,8108.85009765625
2016-06-15,8206.599609375
2016-06-16,8140.75
2016-06-17,8170.2001953125
2016-06-20,8238.5
2016-06-21,8219.900390625
2016-06-22,8203.7001953125
2016-06-23,8270.4501953125
2016-06-24,8088.60009765625
2016-06-27,8094.7001953125
2016-06-28,8127.85009765625
2016-06-29,8204.0
2016-06-30,8287.75
2016-07-01,8328.349609375
2016-07-04,8370.7001953125
2016-07-05,8335.9501953125
2016-07-07,8337.900390625
2016-07-08,8323.2001953125
2016-07-11,8467.900390625
2016-07-12,8521.0498046875
2016-07-13,8519.5
2016-07-14,8565.0
2016-07-15,8541.400390625
2016-07-18,8508.7001953125
2016-07-19,8528.5498046875
2016-07-20,8565.849609375
2016-07-21,8510.099609375
2016-07-22,8541.2001953125
2016-07-25,8635.650390625
2016-07-26,8590.650390625
2016-07-27,8615.7998046875
2016-07-28,8666.2998046875
2016-07-29,8638.5
2016-08-01,8636.5498046875
2016-08-02,8622.900390625
2016-08-03,8544.849609375
2016-08-04,8551.099609375
2016-08-05,8683.150390625
2016-08-08,8711.349609375
2016-08-09,8678.25
2016-08-10,8575.2998046875
2016-08-11,8592.150390625
2016-08-16,8642.5498046875
2016-08-17,8624.0498046875
2016-08-18,8673.25
2016-08-19,8666.900390625
2016-08-22,8629.150390625
2016-08-23,8632.599609375
2016-08-24,8650.2998046875
2016-08-25,8592.2001953125
2016-08-26,8572.5498046875
2016-08-29,8607.4501953125
2016-08-30,8744.349609375
2016-08-31,8786.2001953125
2016-09-01,8774.650390625
2016-09-02,8809.650390625
2016-09-06,8943.0
2016-09-07,8917.9501953125
2016-09-08,8952.5
2016-09-09,8866.7001953125
2016-09-12,8715.599609375
2016-09-14,8726.599609375
2016-09-15,8742.5498046875
2016-09-16,8779.849609375
2016-09-19,8808.400390625
2016-09-20,8775.900390625
2016-09-21,8777.150390625
2016-09-22,8867.4501953125
2016-09-23,8831.5498046875
2016-09-26,8723.0498046875
2016-09-27,8706.400390625
2016-09-28,8745.150390625
2016-09-29,8591.25
2016-09-30,8611.150390625
2016-10-03,8738.099609375
2016-10-04,8769.150390625
2016-10-05,8743.9501953125
2016-10-06,8709.5498046875
2016-10-07,8697.599609375
2016-10-10,8708.7998046875
2016-10-13,8573.349609375
2016-10-14,8583.400390625
2016-10-17,8520.400390625
2016-10-18,8677.900390625
2016-10-19,8659.099609375
2016-10-20,8699.400390625
2016-10-21,8693.0498046875
2016-10-24,8708.9501953125
2016-10-25,8691.2998046875
2016-10-26,8615.25
2016-10-27,8615.25
2016-10-28,8638.0
2016-11-01,8626.25
2016-11-02,8514.0
2016-11-03,8484.9501953125
2016-11-04,8433.75
2016-11-07,8497.0498046875
2016-11-08,8543.5498046875
2016-11-09,8432.0
2016-11-10,8525.75
2016-11-11,8296.2998046875
2016-11-15,8108.4501953125
2016-11-16,8111.60009765625
2016-11-17,8079.9501953125
2016-11-18,8074.10009765625
2016-11-21,7929.10009765625
2016-11-22,8002.2998046875
2016-11-23,8033.2998046875
2016-11-24,7965.5
2016-11-25,8114.2998046875
2016-11-28,8126.89990234375
2016-11-29,8142.14990234375
2016-11-30,8224.5
2016-12-01,8192.900390625
2016-12-02,8086.7998046875
2016-12-05,8128.75
2016-12-06,8143.14990234375
2016-12-07,8102.0498046875
2016-12-08,8246.849609375
2016-12-09,8261.75
2016-12-12,8170.7998046875
2016-12-13,8221.7998046875
2016-12-14,8182.4501953125
2016-12-15,8153.60009765625
2016-12-16,8139.4501953125
2016-12-19,8104.35009765625
2016-12-20,8082.39990234375
2016-12-21,8061.2998046875
2016-12-22,7979.10009765625
2016-12-23,7985.75
2016-12-26,7908.25
2016-12-27,8032.85009765625
2016-12-28,8034.85009765625
2016-12-29,8103.60009765625
2016-12-30,8185.7998046875
2017-01-02,8179.5
2017-01-03,8192.25
2017-01-04,8190.5
2017-01-05,8273.7998046875
2017-01-06,8243.7998046875
2017-01-09,8236.0498046875
2017-01-10,8288.599609375
2017-01-11,8380.650390625
2017-01-12,8407.2001953125
2017-01-13,8400.349609375
2017-01-16,8412.7998046875
2017-01-17,8398.0
2017-01-18,8417.0
2017-01-19,8435.099609375
2017-01-20,8349.349609375
2017-01-23,8391.5
2017-01-24,8475.7998046875
2017-01-25,8602.75
2017-01-27,8641.25
2017-01-30,8632.75
2017-01-31,8561.2998046875
2017-02-01,8716.400390625
2017-02-02,8734.25
2017-02-03,8740.9501953125
2017-02-06,8801.0498046875
2017-02-07,8768.2998046875
2017-02-08,8769.0498046875
2017-02-09,8778.400390625
2017-02-10,8793.5498046875
2017-02-13,8805.0498046875
2017-02-14,8792.2998046875
2017-02-15,8724.7001953125
2017-02-16,8778.0
2017-02-17,8821.7001953125
2017-02-20,8879.2001953125
2017-02-21,8907.849609375
2017-02-22,8926.900390625
2017-02-23,8939.5
2017-02-27,8896.7001953125
2017-02-28,8879.599609375
2017-03-01,8945.7998046875
2017-03-02,8899.75
2017-03-03,8897.5498046875
2017-03-06,8963.4501953125
2017-03-07,8946.900390625
2017-03-08,8924.2998046875
2017-03-09,8927.0
2017-03-10,8934.5498046875
2017-03-14,9087.0
2017-03-15,9084.7998046875
2017-03-16,9153.7001953125
2017-03-17,9160.0498046875
2017-03-20,9126.849609375
2017-03-21,9121.5
2017-03-22,9030.4501953125
2017-03-23,9086.2998046875
2017-03-24,9108.0
2017-03-27,9045.2001953125
2017-03-28,9100.7998046875
2017-03-29,9143.7998046875
2017-03-30,9173.75
2017-03-31,9173.75
2017-04-03,9237.849609375
2017-04-05,9265.150390625
2017-04-06,9261.9501953125
2017-04-07,9198.2998046875
2017-04-10,9181.4501953125
2017-04-11,9237.0
2017-04-12,9203.4501953125
2017-04-13,9150.7998046875
2017-04-17,9139.2998046875
2017-04-18,9105.150390625
2017-04-19,9103.5
2017-04-20,9136.400390625
2017-04-21,9119.400390625
2017-04-24,9217.9501953125
2017-04-25,9306.599609375
2017-04-26,9351.849609375
2017-04-27,9342.150390625
2017-04-28,9304.0498046875
2017-05-02,9313.7998046875
2017-05-03,9311.9501953125
2017-05-04,9359.900390625
2017-05-05,9285.2998046875
2017-05-08,9314.0498046875
2017-05-09,9316.849609375
2017-05-10,9407.2998046875
2017-05-11,9422.400390625
2017-05-12,9400.900390625
2017-05-15,9445.400390625
2017-05-16,9512.25
2017-05-17,9525.75
2017-05-18,9429.4501953125
2017-05-19,9427.900390625
2017-05-22,9438.25
2017-05-23,9386.150390625
2017-05-24,9360.5498046875
2017-05-25,9509.75
2017-05-26,9595.099609375
2017-05-29,9604.900390625
2017-05-30,9624.5498046875
2017-05-31,9621.25
2017-06-01,9616.099609375
2017-06-02,9653.5
2017-06-05,9675.099609375
2017-06-06,9637.150390625
2017-06-07,9663.900390625
2017-06-08,9647.25
2017-06-09,9668.25
2017-06-12,9616.400390625
2017-06-13,9606.900390625
2017-06-14,9618.150390625
2017-06-15,9578.0498046875
2017-06-16,9588.0498046875
2017-06-19,9657.5498046875
2017-06-20,9653.5
2017-06-21,9633.599609375
2017-06-22,9630.0
2017-06-23,9574.9501953125
2017-06-27,9511.400390625
2017-06-28,9491.25
2017-06-29,9504.099609375
2017-06-30,9520.900390625
2017-07-03,9615.0
2017-07-04,9613.2998046875
2017-07-05,9637.599609375
2017-07-06,9674.5498046875
2017-07-07,9665.7998046875
2017-07-10,9771.0498046875
2017-07-11,9786.0498046875
2017-07-12,9816.099609375
2017-07-13,9891.7001953125
2017-07-14,9886.349609375
2017-07-17,9915.9501953125
2017-07-18,9827.150390625
2017-07-19,9899.599609375
2017-07-20,9873.2998046875
2017-07-21,9915.25
2017-07-24,9966.400390625
2017-07-25,9964.5498046875
2017-07-26,10020.650390625
2017-07-27,10020.5498046875
2017-07-28,10014.5
2017-07-31,10077.099609375
2017-08-01,10114.650390625
2017-08-02,10081.5
2017-08-03,10013.650390625
2017-08-04,10066.400390625
2017-08-07,10057.400390625
2017-08-08,9978.5498046875
2017-08-09,9908.0498046875
2017-08-10,9820.25
2017-08-11,9710.7998046875
2017-08-14,9794.150390625
2017-08-16,9897.2998046875
2017-08-17,9904.150390625
2017-08-18,9837.400390625
2017-08-21,9754.349609375
2017-08-22,9765.5498046875
2017-08-23,9852.5
2017-08-24,9857.0498046875
2017-08-28,9912.7998046875
2017-08-29,9796.0498046875
2017-08-30,9884.400390625
2017-08-31,9917.900390625
2017-09-01,9974.400390625
2017-09-04,9912.849609375
2017-09-05,9952.2001953125
2017-09-06,9916.2001953125
2017-09-07,9929.900390625
2017-09-08,9934.7998046875
2017-09-11,10006.0498046875
2017-09-12,10093.0498046875
2017-09-13,10079.2998046875
2017-09-14,10086.599609375
2017-09-15,10085.400390625
2017-09-18,10153.099609375
2017-09-19,10147.5498046875
2017-09-20,10141.150390625
2017-09-21,10121.900390625
2017-09-22,9964.400390625
2017-09-25,9872.599609375
2017-09-26,9871.5
2017-09-27,9735.75
2017-09-28,9768.9501953125
2017-09-29,9788.599609375
2017-10-03,9859.5
2017-10-04,9914.900390625
2017-10-05,9888.7001953125
2017-10-06,9979.7001953125
2017-10-09,9988.75
2017-10-10,10016.9501953125
2017-10-11,9984.7998046875
2017-10-12,10096.400390625
2017-10-13,10167.4501953125
2017-10-16,10230.849609375
2017-10-17,10234.4501953125
2017-10-18,10210.849609375
2017-10-19,10146.5498046875
2017-10-23,10184.849609375
2017-10-24,10207.7001953125
2017-10-25,10295.349609375
2017-10-26,10343.7998046875
2017-10-27,10323.0498046875
2017-10-30,10363.650390625
2017-10-31,10335.2998046875
2017-11-01,10440.5
2017-11-02,10423.7998046875
2017-11-03,10452.5
2017-11-06,10451.7998046875
2017-11-07,10350.150390625
2017-11-08,10303.150390625
2017-11-09,10308.9501953125
2017-11-10,10321.75
2017-11-13,10224.9501953125
2017-11-14,10186.599609375
2017-11-15,10118.0498046875
2017-11-16,10214.75
2017-11-17,10283.599609375
2017-11-20,10298.75
2017-11-21,10326.900390625
2017-11-22,10342.2998046875
2017-11-23,10348.75
2017-11-24,10389.7001953125
2017-11-27,10399.5498046875
2017-11-28,10370.25
2017-11-29,10361.2998046875
2017-11-30,10226.5498046875
2017-12-01,10121.7998046875
2017-12-04,10127.75
2017-12-05,10118.25
2017-12-06,10044.099609375
2017-12-07,10166.7001953125
2017-12-08,10265.650390625
2017-12-11,10322.25
2017-12-12,10240.150390625
2017-12-13,10192.9501953125
2017-12-14,10252.099609375
2017-12-15,10333.25
2017-12-18,10388.75
2017-12-19,10463.2001953125
2017-12-20,10444.2001953125
2017-12-21,10440.2998046875
2017-12-22,10493.0
2017-12-26,10531.5
2017-12-27,10490.75
2017-12-28,10477.900390625
2017-12-29,10530.7001953125
2018-01-02,10442.2001953125
2018-01-03,10443.2001953125
2018-01-04,10504.7998046875
2018-01-05,10558.849609375
2018-01-08,10623.599609375
2018-01-09,10637.0
2018-01-10,10632.2001953125
2018-01-11,10651.2001953125
2018-01-12,10681.25
2018-01-15,10741.5498046875
2018-01-16,10700.4501953125
2018-01-17,10788.5498046875
2018-01-18,10817.0
2018-01-19,10894.7001953125
2018-01-22,10966.2001953125
2018-01-23,11083.7001953125
2018-01-24,11086.0
2018-01-25,11069.650390625
2018-01-29,11130.400390625
2018-01-30,11049.650390625
2018-01-31,11027.7001953125
2018-02-01,11016.900390625
2018-02-02,10760.599609375
2018-02-05,10666.5498046875
2018-02-06,10498.25
2018-02-07,10476.7001953125
2018-02-08,10576.849609375
2018-02-09,10454.9501953125
2018-02-12,10539.75
2018-02-14,10500.900390625
2018-02-15,10545.5
2018-02-16,10452.2998046875
2018-02-19,10378.400390625
2018-02-20,10360.400390625
2018-02-21,10397.4501953125
2018-02-22,10382.7001953125
2018-02-23,10491.0498046875
2018-02-26,10582.599609375
2018-02-27,10554.2998046875
2018-02-28,10492.849609375
2018-03-01,10458.349609375
2018-03-05,10358.849609375
2018-03-06,10249.25
2018-03-07,10154.2001953125
2018-03-08,10242.650390625
2018-03-09,10226.849609375
2018-03-12,10421.400390625
2018-03-13,10426.849609375
2018-03-14,10410.900390625
2018-03-15,10360.150390625
2018-03-16,10195.150390625
2018-03-19,10094.25
2018-03-20,10124.349609375
2018-03-21,10155.25
2018-03-22,10114.75
2018-03-23,9998.0498046875
2018-03-26,10130.650390625
2018-03-27,10184.150390625
2018-03-28,10113.7001953125
2018-04-02,10211.7998046875
2018-04-03,10245.0
2018-04-04,10128.400390625
2018-04-05,10325.150390625
2018-04-06,10331.599609375
2018-04-09,10379.349609375
2018-04-10,10402.25
2018-04-11,10417.150390625
2018-04-12,10458.650390625
2018-04-13,10480.599609375
2018-04-16,10528.349609375
2018-04-17,10548.7001953125
2018-04-18,10526.2001953125
2018-04-19,10565.2998046875
2018-04-20,10564.0498046875
2018-04-23,10584.7001953125
2018-04-24,10614.349609375
2018-04-25,10570.5498046875
2018-04-26,10617.7998046875
2018-04-27,10692.2998046875
2018-04-30,10739.349609375
2018-05-02,10718.0498046875
2018-05-03,10679.650390625
2018-05-04,10618.25
2018-05-07,10715.5
2018-05-08,10717.7998046875
2018-05-09,10741.7001953125
2018-05-10,10716.5498046875
2018-05-11,10806.5
2018-05-14,10806.599609375
2018-05-15,10801.849609375
2018-05-16,10741.099609375
2018-05-17,10682.7001953125
2018-05-18,10596.400390625
2018-05-21,10516.7001953125
2018-05-22,10536.7001953125
2018-05-23,10430.349609375
2018-05-24,10513.849609375
2018-05-25,10605.150390625
2018-05-28,10688.650390625
2018-05-29,10633.2998046875
2018-05-30,10614.349609375
2018-05-31,10736.150390625
2018-06-01,10696.2001953125
2018-06-04,10628.5
2018-06-05,10593.150390625
2018-06-06,10684.650390625
2018-06-07,10768.349609375
2018-06-08,10767.650390625
2018-06-11,10786.9501953125
2018-06-12,10842.849609375
2018-06-13,10856.7001953125
2018-06-14,10808.0498046875
2018-06-15,10817.7001953125
2018-06-18,10799.849609375
2018-06-19,10710.4501953125
2018-06-20,10772.0498046875
2018-06-21,10741.099609375
2018-06-22,10821.849609375
2018-06-25,10762.4501953125
2018-06-26,10769.150390625
2018-06-27,10671.400390625
2018-06-28,10589.099609375
2018-06-29,10714.2998046875
2018-07-02,10657.2998046875
2018-07-03,10699.900390625
2018-07-04,10769.900390625
2018-07-05,10749.75
2018-07-06,10772.650390625
2018-07-09,10852.900390625
2018-07-10,10947.25
2018-07-11,10948.2998046875
2018-07-12,11023.2001953125
2018-07-13,11018.900390625
2018-07-16,10936.849609375
2018-07-17,11008.0498046875
2018-07-18,10980.4501953125
2018-07-19,10957.099609375
2018-07-20,11010.2001953125
2018-07-23,11084.75
2018-07-24,11134.2998046875
2018-07-25,11132.0
2018-07-26,11167.2998046875
2018-07-27,11278.349609375
2018-07-30,11319.5498046875
2018-07-31,11356.5
2018-08-01,11346.2001953125
2018-08-02,11244.7001953125
2018-08-03,11360.7998046875
2018-08-06,11387.099609375
2018-08-07,11389.4501953125
2018-08-08,11450.0
2018-08-09,11470.7001953125
2018-08-10,11429.5
2018-08-13,11355.75
2018-08-14,11435.099609375
2018-08-16,11385.0498046875
2018-08-17,11470.75
2018-08-20,11551.75
2018-08-21,11570.900390625
2018-08-23,11582.75
2018-08-24,11557.099609375
2018-08-27,11691.9501953125
2018-08-28,11738.5
2018-08-29,11691.900390625
2018-08-30,11676.7998046875
2018-08-31,11680.5
2018-09-03,11582.349609375
2018-09-04,11520.2998046875
2018-09-05,11476.9501953125
2018-09-06,11536.900390625
2018-09-07,11589.099609375
2018-09-10,11438.099609375
2018-09-11,11287.5
2018-09-12,11369.900390625
2018-09-14,11515.2001953125
2018-09-17,11377.75
2018-09-18,11278.900390625
2018-09-19,11234.349609375
2018-09-21,11143.099609375
2018-09-24,10967.400390625
2018-09-25,11067.4501953125
2018-09-26,11053.7998046875
2018-09-27,10977.5498046875
2018-09-28,10930.4501953125
2018-10-01,11008.2998046875
2018-10-03,10858.25
2018-10-04,10599.25
2018-10-05,10316.4501953125
2018-10-08,10348.0498046875
2018-10-09,10301.0498046875
2018-10-10,10460.099609375
2018-10-11,10234.650390625
2018-10-12,10472.5
2018-10-15,10512.5
2018-10-16,10584.75
2018-10-17,10453.0498046875
2018-10-19,10303.5498046875
2018-10-22,10245.25
2018-10-23,10146.7998046875
2018-10-24,10224.75
2018-10-25,10124.900390625
2018-10-26,10030.0
2018-10-29,10250.849609375
2018-10-30,10198.400390625
2018-10-31,10386.599609375
2018-11-01,10380.4501953125
2018-11-02,10553.0
2018-11-05,10524.0
2018-11-06,10530.0
2018-11-07,10598.400390625
2018-11-09,10585.2001953125
2018-11-12,10482.2001953125
2018-11-13,10582.5
2018-11-14,10576.2998046875
2018-11-15,10616.7001953125
2018-11-16,10682.2001953125
2018-11-19,10763.400390625
2018-11-20,10656.2001953125
2018-11-21,10600.0498046875
2018-11-22,10526.75
2018-11-26,10628.599609375
2018-11-27,10685.599609375
2018-11-28,10728.849609375
2018-11-29,10858.7001953125
2018-11-30,10876.75
2018-12-03,10883.75
2018-12-04,10869.5
2018-12-05,10782.900390625
2018-12-06,10601.150390625
2018-12-07,10693.7001953125
2018-12-10,10488.4501953125
2018-12-11,10549.150390625
2018-12-12,10737.599609375
2018-12-13,10791.5498046875
2018-12-14,10805.4501953125
2018-12-17,10888.349609375
2018-12-18,10908.7001953125
2018-12-19,10967.2998046875
2018-12-20,10951.7001953125
2018-12-21,10754.0
2018-12-24,10663.5
2018-12-26,10729.849609375
2018-12-27,10779.7998046875
2018-12-28,10859.900390625
2018-12-31,10862.5498046875
2019-01-02,10792.5
2019-01-03,10672.25
2019-01-04,10727.349609375
2019-01-07,10771.7998046875
2019-01-08,10802.150390625
2019-01-09,10855.150390625
2019-01-10,10821.599609375
2019-01-11,10794.9501953125
2019-01-14,10737.599609375
2019-01-15,10886.7998046875
2019-01-16,10890.2998046875
2019-01-17,10905.2001953125
2019-01-18,10906.9501953125
2019-01-21,10961.849609375
2019-01-22,10922.75
2019-01-23,10831.5
2019-01-24,10849.7998046875
2019-01-25,10780.5498046875
2019-01-28,10661.5498046875
2019-01-29,10652.2001953125
2019-01-30,10651.7998046875
2019-01-31,10830.9501953125
2019-02-01,10893.650390625
2019-02-04,10912.25
2019-02-05,10934.349609375
2019-02-06,11062.4501953125
2019-02-07,11069.400390625
2019-02-08,10943.599609375
2019-02-11,10888.7998046875
2019-02-12,10831.400390625
2019-02-14,10746.0498046875
2019-02-15,10724.400390625
2019-02-18,10640.9501953125
2019-02-19,10604.349609375
2019-02-20,10735.4501953125
2019-02-21,10789.849609375
2019-02-22,10791.650390625
2019-02-25,10880.099609375
2019-02-26,10835.2998046875
2019-02-27,10806.650390625
2019-02-28,10792.5
2019-03-01,10863.5
2019-03-05,10987.4501953125
2019-03-06,11053.0
2019-03-07,11058.2001953125
2019-03-08,11035.400390625
2019-03-11,11168.0498046875
2019-03-12,11301.2001953125
2019-03-13,11341.7001953125
2019-03-14,11343.25
2019-03-15,11426.849609375
2019-03-18,11462.2001953125
2019-03-19,11532.400390625
2019-03-20,11521.0498046875
2019-03-22,11456.900390625
2019-03-25,11354.25
2019-03-26,11483.25
2019-03-27,11445.0498046875
2019-03-28,11570.0
2019-04-01,11669.150390625
2019-04-02,11713.2001953125
2019-04-03,11643.9501953125
2019-04-04,11598.0
2019-04-05,11665.9501953125
2019-04-08,11604.5
2019-04-09,11671.9501953125
2019-04-10,11584.2998046875
2019-04-11,11596.7001953125
2019-04-12,11643.4501953125
2019-04-15,11690.349609375
2019-04-16,11787.150390625
2019-04-18,11752.7998046875
2019-04-22,11594.4501953125
2019-04-23,11575.9501953125
2019-04-24,11726.150390625
2019-04-25,11641.7998046875
2019-04-26,11754.650390625
2019-04-30,11748.150390625
2019-05-02,11724.75
2019-05-03,11712.25
2019-05-06,11598.25
2019-05-07,11497.900390625
2019-05-08,11359.4501953125
2019-05-09,11301.7998046875
2019-05-10,11278.900390625
2019-05-13,11148.2001953125
2019-05-14,11222.0498046875
2019-05-15,11157.0
2019-05-16,11257.099609375
2019-05-17,11407.150390625
2019-05-20,11828.25
2019-05-21,11709.099609375
2019-05-22,11737.900390625
2019-05-23,11657.0498046875
2019-05-24,11844.099609375
2019-05-27,11924.75
2019-05-28,11928.75
2019-05-29,11861.099609375
2019-05-30,11945.900390625
2019-05-31,11922.7998046875
2019-06-03,12088.5498046875
2019-06-04,12021.650390625
2019-06-06,11843.75
2019-06-07,11870.650390625
2019-06-10,11922.7001953125
2019-06-11,11965.599609375
2019-06-12,11906.2001953125
2019-06-13,11914.0498046875
2019-06-14,11823.2998046875
2019-06-17,11672.150390625
2019-06-18,11691.5
2019-06-19,11691.4501953125
2019-06-20,11831.75
2019-06-21,11724.099609375
2019-06-24,11699.650390625
2019-06-25,11796.4501953125
2019-06-26,11847.5498046875
2019-06-27,11841.5498046875
2019-06-28,11788.849609375
2019-07-01,11865.599609375
2019-07-02,11910.2998046875
2019-07-03,11916.75
2019-07-04,11946.75
2019-07-05,11811.150390625
2019-07-08,11558.599609375
2019-07-09,11555.900390625
2019-07-10,11498.900390625
2019-07-11,11582.900390625
2019-07-12,11552.5
2019-07-15,11588.349609375
2019-07-16,11662.599609375
2019-07-17,11687.5
2019-07-18,11596.900390625
2019-07-19,11419.25
2019-07-22,11346.2001953125
2019-07-23,11331.0498046875
2019-07-24,11271.2998046875
2019-07-25,11252.150390625
2019-07-26,11284.2998046875
2019-07-29,11189.2001953125
2019-07-30,11085.400390625
2019-07-31,11118.0
2019-08-01,10980.0
2019-08-02,10997.349609375
2019-08-05,10862.599609375
2019-08-06,10948.25
2019-08-07,10855.5
2019-08-08,11032.4501953125
2019-08-09,11109.650390625
2019-08-13,10925.849609375
2019-08-14,11029.400390625
2019-08-16,11047.7998046875
2019-08-19,11053.900390625
2019-08-20,11017.0
2019-08-21,10918.7001953125
2019-08-22,10741.349609375
2019-08-23,10829.349609375
2019-08-26,11057.849609375
2019-08-27,11105.349609375
2019-08-28,11046.099609375
2019-08-29,10948.2998046875
2019-08-30,11023.25
2019-09-03,10797.900390625
2019-09-04,10844.650390625
2019-09-05,10847.900390625
2019-09-06,10946.2001953125
2019-09-09,11003.0498046875
2019-09-11,11035.7001953125
2019-09-12,10982.7998046875
2019-09-13,11075.900390625
2019-09-16,11003.5
2019-09-17,10817.599609375
2019-09-18,10840.650390625
2019-09-19,10704.7998046875
2019-09-20,11274.2001953125
2019-09-23,11600.2001953125
2019-09-24,11588.2001953125
2019-09-25,11440.2001953125
2019-09-26,11571.2001953125
2019-09-27,11512.400390625
2019-09-30,11474.4501953125
2019-10-01,11359.900390625
2019-10-03,11314.0
2019-10-04,11174.75
2019-10-07,11126.400390625
2019-10-09,11313.2998046875
2019-10-10,11234.5498046875
2019-10-11,11305.0498046875
2019-10-14,11341.150390625
2019-10-15,11428.2998046875
2019-10-16,11464.0
2019-10-17,11586.349609375
2019-10-18,11661.849609375
2019-10-22,11588.349609375
2019-10-23,11604.099609375
2019-10-24,11582.599609375
2019-10-25,11583.900390625
2019-10-29,11786.849609375
2019-10-30,11844.099609375
2019-10-31,11877.4501953125
2019-11-01,11890.599609375
2019-11-04,11941.2998046875
2019-11-05,11917.2001953125
2019-11-06,11966.0498046875
2019-11-07,12012.0498046875
2019-11-08,11908.150390625
2019-11-11,11913.4501953125
2019-11-13,11840.4501953125
2019-11-14,11872.099609375
2019-11-15,11895.4501953125
2019-11-18,11884.5
2019-11-19,11940.099609375
2019-11-20,11999.099609375
2019-11-21,11968.400390625
2019-11-22,11914.400390625
2019-11-25,12073.75
2019-11-26,12037.7001953125
2019-11-27,12100.7001953125
2019-11-28,12151.150390625
2019-11-29,12056.0498046875
2019-12-02,12048.2001953125
2019-12-03,11994.2001953125
2019-12-04,12043.2001953125
2019-12-05,12018.400390625
2019-12-06,11921.5
2019-12-09,11937.5
2019-12-10,11856.7998046875
2019-12-11,11910.150390625
2019-12-12,11971.7998046875
2019-12-13,12086.7001953125
2019-12-16,12053.9501953125
2019-12-17,12165.0
2019-12-18,12221.650390625
2019-12-19,12259.7001953125
2019-12-20,12271.7998046875
2019-12-23,12262.75
2019-12-24,12214.5498046875
2019-12-26,12126.5498046875
2019-12-27,12245.7998046875
2019-12-30,12255.849609375
2019-12-31,12168.4501953125
2020-01-01,12182.5
2020-01-02,12282.2001953125
2020-01-03,12226.650390625
2020-01-06,11993.0498046875
2020-01-07,12052.9501953125
2020-01-08,12025.349609375
2020-01-09,12215.900390625
2020-01-10,12256.7998046875
2020-01-13,12329.5498046875
2020-01-14,12362.2998046875
2020-01-15,12343.2998046875
2020-01-16,12355.5
2020-01-17,12352.349609375
2020-01-20,12224.5498046875
2020-01-21,12169.849609375
2020-01-22,12106.900390625
2020-01-23,12180.349609375
2020-01-24,12248.25
2020-01-27,12119.0
2020-01-28,12055.7998046875
2020-01-29,12129.5
2020-01-30,12035.7998046875
2020-01-31,11962.099609375
2020-02-03,11707.900390625
2020-02-04,11979.650390625
2020-02-05,12089.150390625
2020-02-06,12137.9501953125
2020-02-07,12098.349609375
2020-02-10,12031.5
2020-02-11,12107.900390625
2020-02-12,12201.2001953125
2020-02-13,12174.650390625
2020-02-14,12113.4501953125
2020-02-17,12045.7998046875
2020-02-18,11992.5
2020-02-19,12125.900390625
2020-02-20,12080.849609375
2020-02-24,11829.400390625
2020-02-25,11797.900390625
2020-02-26,11678.5
2020-02-27,11633.2998046875
2020-02-28,11201.75
2020-03-02,11132.75
2020-03-03,11303.2998046875
2020-03-04,11251.0
2020-03-05,11269.0
2020-03-06,10989.4501953125
2020-03-09,10451.4501953125
2020-03-11,10458.400390625
2020-03-12,9590.150390625
2020-03-13,9955.2001953125
2020-03-16,9197.400390625
2020-03-17,8967.0498046875
2020-03-18,8468.7998046875
2020-03-19,8263.4501953125
2020-03-20,8745.4501953125
2020-03-23,7610.25
2020-03-24,7801.0498046875
2020-03-25,8317.849609375
2020-03-26,8641.4501953125
2020-03-27,8660.25
2020-03-30,8281.099609375
2020-03-31,8597.75
2020-04-01,8253.7998046875
2020-04-03,8083.7998046875
2020-04-07,8792.2001953125
2020-04-08,8748.75
2020-04-09,9111.900390625
2020-04-13,8993.849609375
2020-04-15,8925.2998046875
2020-04-16,8992.7998046875
2020-04-17,9266.75
2020-04-20,9261.849609375
2020-04-21,8981.4501953125
2020-04-22,9187.2998046875
2020-04-23,9313.900390625
2020-04-24,9154.400390625
2020-04-27,9282.2998046875
2020-04-28,9380.900390625
2020-04-29,9553.349609375
2020-04-30,9859.900390625
2020-05-04,9293.5
2020-05-05,9205.599609375
2020-05-06,9270.900390625
2020-05-07,9199.0498046875
2020-05-08,9251.5
2020-05-11,9239.2001953125
2020-05-12,9196.5498046875
2020-05-13,9383.5498046875
2020-05-14,9142.75
2020-05-15,9136.849609375
2020-05-18,8823.25
2020-05-19,8879.099609375
2020-05-20,9066.5498046875
2020-05-21,9106.25
2020-05-22,9039.25
2020-05-26,9029.0498046875
2020-05-27,9314.9501953125
2020-05-28,9490.099609375
2020-05-29,9580.2998046875
2020-06-01,9826.150390625
2020-06-02,9979.099609375
2020-06-03,10061.5498046875
2020-06-04,10029.099609375
2020-06-05,10142.150390625
2020-06-08,10167.4501953125
2020-06-09,10046.650390625
2020-06-10,10116.150390625
2020-06-11,9902.0
2020-06-12,9972.900390625
2020-06-15,9813.7001953125
2020-06-16,9914.0
2020-06-17,9881.150390625
2020-06-18,10091.650390625
2020-06-19,10244.400390625
2020-06-22,10311.2001953125
2020-06-23,10471.0
2020-06-24,10305.2998046875
2020-06-25,10288.900390625
2020-06-26,10383.0
2020-06-29,10312.400390625
2020-06-30,10302.099609375
2020-07-01,10430.0498046875
2020-07-02,10551.7001953125
2020-07-03,10607.349609375
2020-07-06,10763.650390625
2020-07-07,10799.650390625
2020-07-08,10705.75
2020-07-09,10813.4501953125
2020-07-10,10768.0498046875
2020-07-13,10802.7001953125
2020-07-14,10607.349609375
2020-07-15,10618.2001953125
2020-07-16,10739.9501953125
2020-07-17,10901.7001953125
2020-07-20,11022.2001953125
2020-07-21,11162.25
2020-07-22,11132.599609375
2020-07-23,11215.4501953125
2020-07-24,11194.150390625
2020-07-27,11131.7998046875
2020-07-28,11300.5498046875
2020-07-29,11202.849609375
2020-07-30,11102.150390625
2020-07-31,11073.4501953125
2020-08-03,10891.599609375
2020-08-04,11095.25
2020-08-05,11101.650390625
2020-08-06,11200.150390625
2020-08-07,11214.0498046875
2020-08-10,11270.150390625
2020-08-11,11322.5
2020-08-12,11308.400390625
2020-08-13,11300.4501953125
2020-08-14,11178.400390625
2020-08-17,11247.099609375
2020-08-18,11385.349609375
2020-08-19,11408.400390625
2020-08-20,11312.2001953125
2020-08-21,11371.599609375
2020-08-24,11466.4501953125
2020-08-25,11472.25
2020-08-26,11549.599609375
2020-08-27,11559.25
2020-08-28,11647.599609375
2020-08-31,11387.5
2020-09-01,11470.25
2020-09-02,11535.0
2020-09-03,11527.4501953125
2020-09-04,11333.849609375
2020-09-07,11355.0498046875
2020-09-08,11317.349609375
2020-09-09,11278.0
2020-09-10,11449.25
2020-09-11,11464.4501953125
2020-09-14,11440.0498046875
2020-09-15,11521.7998046875
2020-09-16,11604.5498046875
2020-09-17,11516.099609375
2020-09-18,11504.9501953125
2020-09-21,11250.5498046875
2020-09-22,11153.650390625
2020-09-23,11131.849609375
2020-09-24,10805.5498046875
2020-09-25,11050.25
2020-09-28,11227.5498046875
2020-09-29,11222.400390625
2020-09-30,11247.5498046875
2020-10-01,11416.9501953125
2020-10-05,11503.349609375
2020-10-06,11662.400390625
2020-10-07,11738.849609375
2020-10-08,11834.599609375
2020-10-09,11914.2001953125
2020-10-12,11930.9501953125
2020-10-13,11934.5
2020-10-14,11971.0498046875
2020-10-15,11680.349609375
2020-10-16,11762.4501953125
2020-10-19,11873.0498046875
2020-10-20,11896.7998046875
2020-10-21,11937.650390625
2020-10-22,11896.4501953125
2020-10-23,11930.349609375
2020-10-26,11767.75
2020-10-27,11889.400390625
2020-10-28,11729.599609375
2020-10-29,11670.7998046875
2020-10-30,11642.400390625
2020-11-02,11669.150390625
2020-11-03,11813.5
2020-11-04,11908.5
2020-11-05,12120.2998046875
2020-11-06,12263.5498046875
2020-11-09,12461.0498046875
2020-11-10,12631.099609375
2020-11-11,12749.150390625
2020-11-12,12690.7998046875
2020-11-13,12719.9501953125
2020-11-17,12874.2001953125
2020-11-18,12938.25
2020-11-19,12771.7001953125
2020-11-20,12859.0498046875
2020-11-23,12926.4501953125
2020-11-24,13055.150390625
2020-11-25,12858.400390625
2020-11-26,12987.0
2020-11-27,12968.9501953125
2020-12-01,13109.0498046875
2020-12-02,13113.75
2020-12-03,13133.900390625
2020-12-04,13258.5498046875
2020-12-07,13355.75
2020-12-08,13392.9501953125
2020-12-09,13529.099609375
2020-12-10,13478.2998046875
2020-12-11,13513.849609375
2020-12-14,13558.150390625
2020-12-15,13567.849609375
2020-12-16,13682.7001953125
2020-12-17,13740.7001953125
2020-12-18,13760.5498046875
2020-12-21,13328.400390625
2020-12-22,13466.2998046875
2020-12-23,13601.099609375
2020-12-24,13749.25
2020-12-28,13873.2001953125
2020-12-29,13932.599609375
2020-12-30,13981.9501953125
2020-12-31,13981.75
2021-01-01,14018.5
2021-01-04,14132.900390625
2021-01-05,14199.5
2021-01-06,14146.25
2021-01-07,14137.349609375
2021-01-08,14347.25
2021-01-11,14484.75
2021-01-12,14563.4501953125
2021-01-13,14564.849609375
2021-01-14,14595.599609375
2021-01-15,14433.7001953125
2021-01-18,14281.2998046875
2021-01-19,14521.150390625
2021-01-20,14644.7001953125
2021-01-21,14590.349609375
2021-01-22,14371.900390625
2021-01-25,14238.900390625
2021-01-27,13967.5
2021-01-28,13817.5498046875
2021-01-29,13634.599609375
2021-02-01,14281.2001953125
2021-02-02,14647.849609375
2021-02-03,14789.9501953125
2021-02-04,14895.650390625
2021-02-05,14924.25
2021-02-08,15115.7998046875
2021-02-09,15109.2998046875
2021-02-10,15106.5
2021-02-11,15173.2998046875
2021-02-12,15163.2998046875
2021-02-15,15314.7001953125
2021-02-16,15313.4501953125
2021-02-17,15208.900390625
2021-02-18,15118.9501953125
2021-02-19,14981.75
2021-02-22,14675.7001953125
2021-02-23,14707.7998046875
2021-02-24,14982.0
2021-02-25,15097.349609375
2021-02-26,14529.150390625
2021-03-01,14761.5498046875
2021-03-02,14919.099609375
2021-03-03,15245.599609375
2021-03-04,15080.75
2021-03-05,14938.099609375
2021-03-08,14956.2001953125
2021-03-09,15098.400390625
2021-03-10,15174.7998046875
2021-03-12,15030.9501953125
2021-03-15,14929.5
2021-03-16,14910.4501953125
2021-03-17,14721.2998046875
2021-03-18,14557.849609375
2021-03-19,14744.0
2021-03-22,14736.400390625
2021-03-23,14814.75
2021-03-24,14549.400390625
2021-03-25,14324.900390625
2021-03-26,14507.2998046875
2021-03-30,14845.099609375
2021-03-31,14690.7001953125
2021-04-01,14867.349609375
2021-04-05,14637.7998046875
2021-04-06,14683.5
2021-04-07,14819.0498046875
2021-04-08,14873.7998046875
2021-04-09,14834.849609375
2021-04-12,14310.7998046875
2021-04-13,14504.7998046875
2021-04-15,14581.4501953125
2021-04-16,14617.849609375
2021-04-19,14359.4501953125
2021-04-20,14296.400390625
2021-04-22,14406.150390625
2021-04-23,14341.349609375
2021-04-26,14485.0
2021-04-27,14653.0498046875
2021-04-28,14864.5498046875
2021-04-29,14894.900390625
2021-04-30,14631.099609375
2021-05-03,14634.150390625
2021-05-04,14496.5
2021-05-05,14617.849609375
2021-05-06,14724.7998046875
2021-05-07,14823.150390625
2021-05-10,14942.349609375
2021-05-11,14850.75
2021-05-12,14696.5
2021-05-14,14677.7998046875
2021-05-17,14923.150390625
2021-05-18,15108.099609375
2021-05-19,15030.150390625
2021-05-20,14906.0498046875
2021-05-21,15175.2998046875
2021-05-24,15197.7001953125
2021-05-25,15208.4501953125
2021-05-26,15301.4501953125
2021-05-27,15337.849609375
2021-05-28,15435.650390625
2021-05-31,15582.7998046875
2021-06-01,15574.849609375
2021-06-02,15576.2001953125
2021-06-03,15690.349609375
2021-06-04,15670.25
2021-06-07,15751.650390625
2021-06-08,15740.099609375
2021-06-09,15635.349609375
2021-06-10,15737.75
2021-06-11,15799.349609375
2021-06-14,15811.849609375
2021-06-15,15869.25
2021-06-16,15767.5498046875
2021-06-17,15691.400390625
2021-06-18,15683.349609375
2021-06-21,15746.5
2021-06-22,15772.75
2021-06-23,15686.9501953125
2021-06-24,15790.4501953125
2021-06-25,15860.349609375
2021-06-28,15814.7001953125
2021-06-29,15748.4501953125
2021-06-30,15721.5
2021-07-01,15680.0
2021-07-02,15722.2001953125
2021-07-05,15834.349609375
2021-07-06,15818.25
2021-07-07,15879.650390625
2021-07-08,15727.900390625
2021-07-09,15689.7998046875
2021-07-12,15692.599609375
2021-07-13,15812.349609375
2021-07-14,15853.9501953125
2021-07-15,15924.2001953125
2021-07-16,15923.400390625
2021-07-19,15752.400390625
2021-07-20,15632.099609375
2021-07-22,15824.0498046875
2021-07-23,15856.0498046875
2021-07-26,15824.4501953125
2021-07-27,15746.4501953125
2021-07-28,15709.400390625
2021-07-29,15778.4501953125
2021-07-30,15763.0498046875
2021-08-02,15885.150390625
2021-08-03,16130.75
2021-08-04,16258.7998046875
2021-08-05,16294.599609375
2021-08-06,16238.2001953125
2021-08-09,16258.25
2021-08-10,16280.099609375
2021-08-11,16282.25
2021-08-12,16364.400390625
2021-08-13,16529.099609375
2021-08-16,16563.05078125
2021-08-17,16614.599609375
2021-08-18,16568.849609375
2021-08-20,16450.5
2021-08-23,16496.44921875
2021-08-24,16624.599609375
2021-08-25,16634.650390625
2021-08-26,16636.900390625
2021-08-27,16705.19921875
2021-08-30,16931.05078125
2021-08-31,17132.19921875
2021-09-01,17076.25
2021-09-02,17234.150390625
2021-09-03,17323.599609375
2021-09-06,17377.80078125
2021-09-07,17362.099609375
2021-09-08,17353.5
2021-09-09,17369.25
2021-09-13,17355.30078125
2021-09-14,17380.0
2021-09-15,17519.44921875
2021-09-16,17629.5
2021-09-17,17585.150390625
2021-09-20,17396.900390625
2021-09-21,17562.0
2021-09-22,17546.650390625
2021-09-23,17822.94921875
2021-09-24,17853.19921875
2021-09-27,17855.099609375
2021-09-28,17748.599609375
2021-09-29,17711.30078125
2021-09-30,17618.150390625
2021-10-01,17532.05078125
2021-10-04,17691.25
2021-10-05,17822.30078125
2021-10-06,17646.0
2021-10-07,17790.349609375
2021-10-08,17895.19921875
2021-10-11,17945.94921875
2021-10-12,17991.94921875
2021-10-13,18161.75
2021-10-14,18338.55078125
2021-10-18,18477.05078125
2021-10-19,18418.75
2021-10-20,18266.599609375
2021-10-21,18178.099609375
2021-10-22,18114.900390625
2021-10-25,18125.400390625
2021-10-26,18268.400390625
2021-10-27,18210.94921875
2021-10-28,17857.25
2021-10-29,17671.650390625
2021-11-01,17929.650390625
2021-11-02,17888.94921875
2021-11-03,17829.19921875
2021-11-04,17916.80078125
2021-11-08,18068.55078125
2021-11-09,18044.25
2021-11-10,18017.19921875
2021-11-11,17873.599609375
2021-11-12,18102.75
2021-11-15,18109.44921875
2021-11-16,17999.19921875
2021-11-17,17898.650390625
2021-11-18,17764.80078125
2021-11-22,17416.55078125
2021-11-23,17503.349609375
2021-11-24,17415.05078125
2021-11-25,17536.25
2021-11-26,17026.44921875
2021-11-29,17053.94921875
2021-11-30,16983.19921875
2021-12-01,17166.900390625
2021-12-02,17401.650390625
2021-12-03,17196.69921875
2021-12-06,16912.25
2021-12-07,17176.69921875
2021-12-08,17469.75
2021-12-09,17516.849609375
2021-12-10,17511.30078125
2021-12-13,17368.25
2021-12-14,17324.900390625
2021-12-15,17221.400390625
2021-12-16,17248.400390625
2021-12-17,16985.19921875
2021-12-20,16614.19921875
2021-12-21,16770.849609375
2021-12-22,16955.44921875
2021-12-23,17072.599609375
2021-12-24,17003.75
2021-12-27,17086.25
2021-12-28,17233.25
2021-12-29,17213.599609375
2021-12-30,17203.94921875
2021-12-31,17354.05078125
2022-01-03,17625.69921875
2022-01-04,17805.25
2022-01-05,17925.25
2022-01-06,17745.900390625
2022-01-07,17812.69921875
2022-01-10,18003.30078125
2022-01-11,18055.75
2022-01-12,18212.349609375
2022-01-13,18257.80078125
2022-01-14,18255.75
2022-01-17,18308.099609375
2022-01-18,18113.05078125
2022-01-19,17938.400390625
2022-01-20,17757.0
2022-01-21,17617.150390625
2022-01-24,17149.099609375
2022-01-25,17277.94921875
2022-01-27,17110.150390625
2022-01-28,17101.94921875
2022-01-31,17339.849609375
2022-02-01,17576.849609375
2022-02-02,17780.0
2022-02-03,17560.19921875
2022-02-04,17516.30078125
2022-02-07,17213.599609375
2022-02-08,17266.75
2022-02-09,17463.80078125
2022-02-10,17605.849609375
2022-02-11,17374.75
2022-02-14,16842.80078125
2022-02-15,17352.44921875
2022-02-16,17322.19921875
2022-02-17,17304.599609375
2022-02-18,17276.30078125
2022-02-21,17206.650390625
2022-02-22,17092.19921875
2022-02-23,17063.25
2022-02-24,16247.9501953125
2022-02-25,16658.400390625
2022-02-28,16793.900390625
2022-03-02,16605.94921875
2022-03-03,16498.05078125
2022-03-04,16245.349609375
2022-03-07,15863.150390625
2022-03-08,16013.4501953125
2022-03-09,16345.349609375
2022-03-10,16594.900390625
2022-03-11,16630.44921875
2022-03-14,16871.30078125
2022-03-15,16663.0
2022-03-16,16975.349609375
2022-03-17,17287.05078125
2022-03-21,17117.599609375
2022-03-22,17315.5
2022-03-23,17245.650390625
2022-03-24,17222.75
2022-03-25,17153.0
2022-03-28,17222.0
2022-03-29,17325.30078125
2022-03-30,17498.25
2022-03-31,17464.75
2022-04-01,17670.44921875
2022-04-04,18053.400390625
2022-04-05,17957.400390625
2022-04-06,17807.650390625
2022-04-07,17639.55078125
2022-04-08,17784.349609375
2022-04-11,17674.94921875
2022-04-12,17530.30078125
2022-04-13,17475.650390625
2022-04-18,17173.650390625
2022-04-19,16958.650390625
2022-04-20,17136.55078125
2022-04-21,17392.599609375
2022-04-22,17171.94921875
2022-04-25,16953.94921875
2022-04-26,17200.80078125
2022-04-27,17038.400390625
2022-04-28,17245.05078125
2022-04-29,17102.55078125
2022-05-02,17069.099609375
2022-05-04,16677.599609375
2022-05-05,16682.650390625
2022-05-06,16411.25
2022-05-09,16301.849609375
2022-05-10,16240.0498046875
2022-05-11,16167.099609375
2022-05-12,15808.0
2022-05-13,15782.150390625
2022-05-16,15842.2998046875
2022-05-17,16259.2998046875
2022-05-18,16240.2998046875
2022-05-19,15809.400390625
2022-05-20,16266.150390625
2022-05-23,16214.7001953125
2022-05-24,16125.150390625
2022-05-25,16025.7998046875
2022-05-26,16170.150390625
2022-05-27,16352.4501953125
2022-05-30,16661.400390625
2022-05-31,16584.55078125
2022-06-01,16522.75
2022-06-02,16628.0
2022-06-03,16584.30078125
2022-06-06,16569.55078125
2022-06-07,16416.349609375
2022-06-08,16356.25
2022-06-09,16478.099609375
2022-06-10,16201.7998046875
2022-06-13,15774.400390625
2022-06-14,15732.099609375
2022-06-15,15692.150390625
2022-06-16,15360.599609375
2022-06-17,15293.5
2022-06-20,15350.150390625
2022-06-21,15638.7998046875
2022-06-22,15413.2998046875
2022-06-23,15556.650390625
2022-06-24,15699.25
2022-06-27,15832.0498046875
2022-06-28,15850.2001953125
2022-06-29,15799.099609375
2022-06-30,15780.25
